,Press Association Reference,Constituency Name,Region,Election Year,Electorate,Votes,Lab,Con,LD,Grn,UKIP,SNP,PC,Other,Constituency Type,Country,Highest Vote Prop
0,1.0,Aberavon,Wales,2010.0,50838.0,30958,16073.0,4411.0,5034.0,0.0,489.0,0.0,2198.0,2753.0,County,Wales,0.5191872860003877
1,2.0,Aberconwy,Wales,2010.0,44593.0,29966,7336.0,10734.0,5786.0,0.0,632.0,0.0,5341.0,137.0,County,Wales,0.35820596676233063
2,3.0,Aberdeen North,Scotland,2010.0,64808.0,37701,16746.0,4666.0,7001.0,0.0,0.0,8385.0,0.0,903.0,Burgh,Scotland,0.4441791994907297
3,4.0,Aberdeen South,Scotland,2010.0,64031.0,43034,15722.0,8914.0,12216.0,413.0,0.0,5102.0,0.0,667.0,Burgh,Scotland,0.3653390342519868
4,5.0,Aberdeenshire West & Kincardine,Scotland,2010.0,66110.0,45195,6159.0,13678.0,17362.0,0.0,397.0,7086.0,0.0,513.0,County,Scotland,0.3841575395508353
5,6.0,Airdrie & Shotts,Scotland,2010.0,62364.0,35849,20849.0,3133.0,2898.0,0.0,0.0,8441.0,0.0,528.0,County,Scotland,0.581578286702558
6,7.0,Aldershot,South East,2010.0,71465.0,45384,5489.0,21203.0,15617.0,0.0,2041.0,0.0,0.0,1034.0,Borough,England,0.4671910805570245
7,8.0,Aldridge-Brownhills,West Midlands,2010.0,58909.0,38634,7647.0,22913.0,6833.0,847.0,0.0,0.0,0.0,394.0,Borough,England,0.5930786353988715
8,9.0,Altrincham & Sale West,North West,2010.0,72208.0,49393,11073.0,24176.0,12581.0,0.0,1563.0,0.0,0.0,0.0,Borough,England,0.4894620695240216
9,10.0,Alyn & Deeside,Wales,2010.0,60931.0,39923,15804.0,12885.0,7308.0,0.0,1009.0,0.0,1549.0,1368.0,County,Wales,0.3958620344162513
10,11.0,Amber Valley,East Midlands,2010.0,70171.0,45958,17210.0,17746.0,6636.0,0.0,906.0,0.0,0.0,3460.0,County,England,0.3861351668915096
11,12.0,Angus,Scotland,2010.0,62860.0,37960,6535.0,11738.0,4090.0,0.0,577.0,15020.0,0.0,0.0,County,Scotland,0.3956796628029505
12,13.0,Antrim East,Northern Ireland,2010.0,60204.0,30502,0.0,0.0,0.0,0.0,0.0,0.0,0.0,30502.0,County,Northern Ireland,1.0
13,14.0,Antrim North,Northern Ireland,2010.0,73338.0,42397,0.0,0.0,0.0,0.0,0.0,0.0,0.0,42397.0,County,Northern Ireland,1.0
14,15.0,Antrim South,Northern Ireland,2010.0,63054.0,34009,0.0,0.0,0.0,0.0,0.0,0.0,0.0,34009.0,County,Northern Ireland,1.0
15,16.0,Arfon,Wales,2010.0,41198.0,26078,7928.0,4416.0,3666.0,0.0,685.0,0.0,9383.0,0.0,County,Wales,0.3598051997852596
16,17.0,Argyll & Bute,Scotland,2010.0,67165.0,45207,10274.0,10861.0,14292.0,789.0,0.0,8563.0,0.0,428.0,County,Scotland,0.31614572964363924
17,18.0,Arundel & South Downs,South East,2010.0,76835.0,55982,4835.0,32333.0,15642.0,0.0,3172.0,0.0,0.0,0.0,County,England,0.5775606444928727
18,19.0,Ashfield,East Midlands,2010.0,77379.0,48196,16239.0,10698.0,16047.0,0.0,933.0,0.0,0.0,4279.0,County,England,0.3369366752427587
19,20.0,Ashford,South East,2010.0,81271.0,55185,9204.0,29878.0,12581.0,1014.0,2508.0,0.0,0.0,0.0,County,England,0.5414152396484552
20,21.0,Ashton Under Lyne,North West,2010.0,67714.0,38432,18604.0,9510.0,5703.0,0.0,1686.0,0.0,0.0,2929.0,Borough,England,0.4840757701915071
21,22.0,Aylesbury,South East,2010.0,77844.0,53162,6695.0,27736.0,15118.0,0.0,3613.0,0.0,0.0,0.0,County,England,0.5217260449193033
22,23.0,"Ayr, Carrick & Cumnock",Scotland,2010.0,73320.0,45893,21632.0,11721.0,4264.0,0.0,0.0,8276.0,0.0,0.0,County,Scotland,0.471357287603774
23,24.0,Ayrshire Central,Scotland,2010.0,68352.0,43915,20950.0,8943.0,5236.0,0.0,0.0,8364.0,0.0,422.0,County,Scotland,0.4770579528634863
24,25.0,Ayrshire North & Arran,Scotland,2010.0,74223.0,46116,21860.0,7212.0,4630.0,0.0,0.0,11965.0,0.0,449.0,County,Scotland,0.4740220313990806
25,26.0,Banbury,South East,2010.0,84379.0,56241,10773.0,29703.0,11476.0,959.0,2806.0,0.0,0.0,524.0,County,England,0.5281378353869952
26,27.0,Banff & Buchan,Scotland,2010.0,64300.0,38466,5382.0,11841.0,4365.0,0.0,0.0,15868.0,0.0,1010.0,County,Scotland,0.4125201476628711
27,28.0,Barking,London,2010.0,73868.0,45343,24628.0,8073.0,3719.0,317.0,1300.0,0.0,0.0,7306.0,Borough,England,0.543148887369605
28,29.0,Barnsley Central,Yorkshire and the Humber,2010.0,65543.0,37001,17487.0,6388.0,6394.0,0.0,1727.0,0.0,0.0,5005.0,Borough,England,0.4726088484095025
29,30.0,Barnsley East,Yorkshire and the Humber,2010.0,68435.0,38386,18059.0,6329.0,6969.0,0.0,1731.0,0.0,0.0,5298.0,County,England,0.4704579794716824
30,31.0,Barrow & Furness,North West,2010.0,68943.0,44124,21226.0,16018.0,4424.0,530.0,841.0,0.0,0.0,1085.0,County,England,0.4810533949777898
31,32.0,Basildon & Billericay,Eastern,2010.0,65515.0,41569,9584.0,21922.0,6538.0,0.0,1591.0,0.0,0.0,1934.0,Borough,England,0.5273641415477879
32,33.0,Basildon South & Thurrock East,Eastern,2010.0,71874.0,44735,13852.0,19624.0,5977.0,0.0,2639.0,0.0,0.0,2643.0,County,England,0.4386721806192021
33,34.0,Basingstoke,South East,2010.0,75473.0,50654,10327.0,25590.0,12414.0,0.0,2076.0,0.0,0.0,247.0,Borough,England,0.5051920874955581
34,35.0,Bassetlaw,East Midlands,2010.0,76513.0,49577,25018.0,16803.0,5570.0,0.0,1779.0,0.0,0.0,407.0,County,England,0.5046291627165823
35,36.0,Bath,South West,2010.0,66686.0,47086,3251.0,14768.0,26651.0,1120.0,890.0,0.0,0.0,406.0,Borough,England,0.5660068810262073
36,37.0,Batley & Spen,Yorkshire and the Humber,2010.0,76738.0,51109,21565.0,17159.0,8095.0,605.0,0.0,0.0,0.0,3685.0,Borough,England,0.4219413410553913
37,38.0,Battersea,London,2010.0,74311.0,48792,17126.0,23103.0,7176.0,559.0,505.0,0.0,0.0,323.0,Borough,England,0.4734997540580423
38,39.0,Beaconsfield,South East,2010.0,74982.0,52490,6135.0,32053.0,10271.0,768.0,2597.0,0.0,0.0,666.0,County,England,0.6106496475519146
39,40.0,Beckenham,London,2010.0,66219.0,47686,6893.0,27597.0,9813.0,608.0,1551.0,0.0,0.0,1224.0,Borough,England,0.5787233150190831
40,41.0,Bedford,Eastern,2010.0,68530.0,45102,16193.0,17546.0,8957.0,393.0,1136.0,0.0,0.0,877.0,Borough,England,0.3890293113387433
41,42.0,Bedfordshire Mid,Eastern,2010.0,76310.0,54897,8108.0,28815.0,13663.0,773.0,2826.0,0.0,0.0,712.0,County,England,0.5248920706049511
42,43.0,Bedfordshire North East,Eastern,2010.0,78060.0,55552,8957.0,30989.0,12047.0,0.0,2294.0,0.0,0.0,1265.0,County,England,0.5578377016129032
43,44.0,Bedfordshire South West,Eastern,2010.0,76559.0,50774,9948.0,26815.0,10166.0,0.0,2142.0,0.0,0.0,1703.0,County,England,0.5281246307165085
44,45.0,Belfast East,Northern Ireland,2010.0,59007.0,34488,0.0,0.0,0.0,0.0,0.0,0.0,0.0,34488.0,Borough,Northern Ireland,1.0
45,46.0,Belfast North,Northern Ireland,2010.0,65504.0,36993,0.0,0.0,0.0,0.0,0.0,0.0,0.0,36993.0,Borough,Northern Ireland,1.0
46,47.0,Belfast South,Northern Ireland,2010.0,59524.0,34186,0.0,0.0,0.0,1036.0,0.0,0.0,0.0,33150.0,Borough,Northern Ireland,0.9696951968642136
47,48.0,Belfast West,Northern Ireland,2010.0,59522.0,32133,0.0,0.0,0.0,0.0,0.0,0.0,0.0,32133.0,Borough,Northern Ireland,1.0
48,49.0,Bermondsey & Old Southwark,London,2010.0,77628.0,44651,13060.0,7638.0,21590.0,718.0,0.0,0.0,0.0,1645.0,Borough,England,0.483527804528454
49,50.0,Berwick-upon-Tweed,North East,2010.0,56578.0,38439,5061.0,14116.0,16806.0,0.0,1243.0,0.0,0.0,1213.0,County,England,0.4372122063529228
50,51.0,"Berwickshire, Roxburgh & Selkirk",Scotland,2010.0,73826.0,49014,5003.0,16555.0,22230.0,0.0,595.0,4497.0,0.0,134.0,County,Scotland,0.4535438854204921
51,52.0,Bethnal Green & Bow,London,2010.0,81243.0,50728,21784.0,7071.0,10210.0,856.0,0.0,0.0,0.0,10807.0,Borough,England,0.4294275350891025
52,53.0,Beverley & Holderness,Yorkshire and the Humber,2010.0,79318.0,53199,11224.0,25063.0,12076.0,686.0,1845.0,0.0,0.0,2305.0,County,England,0.4711178781556044
53,54.0,Bexhill & Battle,South East,2010.0,81032.0,54587,6524.0,28147.0,15267.0,0.0,0.0,0.0,0.0,4649.0,County,England,0.5156355908916043
54,55.0,Bexleyheath & Crayford,London,2010.0,65015.0,43182,11450.0,21794.0,5502.0,371.0,1557.0,0.0,0.0,2508.0,Borough,England,0.5047010328377565
55,56.0,Birkenhead,North West,2010.0,62773.0,35323,22082.0,6687.0,6554.0,0.0,0.0,0.0,0.0,0.0,Borough,England,0.6251450896016759
56,57.0,Birmingham Edgbaston,West Midlands,2010.0,68573.0,41571,16894.0,15620.0,6387.0,469.0,732.0,0.0,0.0,1469.0,Borough,England,0.40638906930312
57,58.0,Birmingham Erdington,West Midlands,2010.0,66405.0,35546,14869.0,11592.0,5742.0,0.0,842.0,0.0,0.0,2501.0,Borough,England,0.4183030439430597
58,59.0,Birmingham Hall Green,West Midlands,2010.0,76580.0,48727,16039.0,7320.0,11988.0,0.0,950.0,0.0,0.0,12430.0,Borough,England,0.3291604244053605
59,60.0,Birmingham Hodge Hill,West Midlands,2010.0,75040.0,42472,22077.0,4936.0,11775.0,0.0,714.0,0.0,0.0,2970.0,Borough,England,0.51980128084385
60,61.0,Birmingham Ladywood,West Midlands,2010.0,73646.0,35833,19950.0,4277.0,9845.0,859.0,902.0,0.0,0.0,0.0,Borough,England,0.5567493651103731
61,62.0,Birmingham Northfield,West Midlands,2010.0,71338.0,41814,16841.0,14059.0,6550.0,406.0,1363.0,0.0,0.0,2595.0,Borough,England,0.4027598412015115
62,63.0,Birmingham Perry Barr,West Midlands,2010.0,71304.0,42045,21142.0,8960.0,9234.0,0.0,1675.0,0.0,0.0,1034.0,Borough,England,0.5028421928885718
63,64.0,Birmingham Selly Oak,West Midlands,2010.0,74805.0,46563,17950.0,14468.0,10371.0,664.0,1131.0,0.0,0.0,1979.0,Borough,England,0.3854992161158001
64,65.0,Birmingham Yardley,West Midlands,2010.0,72321.0,40850,13160.0,7836.0,16162.0,0.0,1190.0,0.0,0.0,2502.0,Borough,England,0.3956425948592411
65,66.0,Bishop Auckland,North East,2010.0,68368.0,41136,16023.0,10805.0,9189.0,0.0,1119.0,0.0,0.0,4000.0,County,England,0.3895128354725788
66,67.0,Blackburn,North West,2010.0,72331.0,45499,21751.0,11895.0,6918.0,0.0,942.0,0.0,0.0,3993.0,Borough,England,0.4780544627354447
67,68.0,Blackley & Broughton,North West,2010.0,69489.0,34204,18563.0,6260.0,4861.0,0.0,894.0,0.0,0.0,3626.0,Borough,England,0.5427143024207695
68,69.0,Blackpool North & Cleveleys,North West,2010.0,66017.0,40591,14814.0,16964.0,5400.0,0.0,1659.0,0.0,0.0,1754.0,Borough,England,0.4179251558227193
69,70.0,Blackpool South,North West,2010.0,63027.0,35192,14449.0,12597.0,5082.0,0.0,1352.0,0.0,0.0,1712.0,Borough,England,0.4105762673334849
70,71.0,Blaenau Gwent,Wales,2010.0,52442.0,32395,16974.0,2265.0,3285.0,0.0,488.0,0.0,1333.0,8050.0,County,Wales,0.5239697484179657
71,72.0,Blaydon,North East,2010.0,67808.0,44913,22297.0,7159.0,13180.0,0.0,0.0,0.0,0.0,2277.0,Borough,England,0.4964486896889542
72,73.0,Blyth Valley,North East,2010.0,62900.0,38566,17156.0,6412.0,10488.0,0.0,1665.0,0.0,0.0,2845.0,Borough,England,0.4448477933931442
73,74.0,Bognor Regis & Littlehampton,South East,2010.0,70816.0,46852,6580.0,24087.0,11024.0,0.0,3036.0,0.0,0.0,2125.0,County,England,0.5141082557841714
74,75.0,Bolsover,East Midlands,2010.0,72766.0,43988,21994.0,10812.0,6821.0,0.0,1721.0,0.0,0.0,2640.0,County,England,0.5
75,76.0,Bolton North East,North West,2010.0,66846.0,43277,19870.0,15786.0,5624.0,0.0,1815.0,0.0,0.0,182.0,Borough,England,0.4591353374771819
76,77.0,Bolton South East,North West,2010.0,69499.0,39604,18782.0,10148.0,6289.0,614.0,1564.0,0.0,0.0,2207.0,Borough,England,0.4742450257549742
77,78.0,Bolton West,North West,2010.0,71284.0,47576,18327.0,18235.0,8177.0,545.0,1901.0,0.0,0.0,391.0,County,England,0.3852152345720531
78,79.0,Bootle,North West,2010.0,71422.0,41277,27426.0,3678.0,6245.0,0.0,2514.0,0.0,0.0,1414.0,Borough,England,0.6644378225161712
79,80.0,Boston & Skegness,East Midlands,2010.0,67186.0,43125,8899.0,21325.0,6371.0,0.0,4081.0,0.0,0.0,2449.0,County,England,0.4944927536231884
80,81.0,Bosworth,East Midlands,2010.0,77296.0,54274,8674.0,23132.0,18100.0,0.0,1098.0,0.0,0.0,3270.0,County,England,0.426207760622029
81,82.0,Bournemouth East,South West,2010.0,71125.0,44024,5836.0,21320.0,13592.0,0.0,3027.0,0.0,0.0,249.0,Borough,England,0.4842813011084863
82,83.0,Bournemouth West,South West,2010.0,71753.0,41659,6171.0,18808.0,13225.0,0.0,2999.0,0.0,0.0,456.0,Borough,England,0.45147507141314
83,84.0,Bracknell,South East,2010.0,76888.0,52136,8755.0,27327.0,11623.0,821.0,2297.0,0.0,0.0,1313.0,County,England,0.524148381156974
84,85.0,Bradford East,Yorkshire and the Humber,2010.0,65116.0,40457,13272.0,10860.0,13637.0,0.0,0.0,0.0,0.0,2688.0,Borough,England,0.33707393034579924
85,86.0,Bradford South,Yorkshire and the Humber,2010.0,63580.0,37995,15682.0,11060.0,6948.0,0.0,1339.0,0.0,0.0,2966.0,Borough,England,0.4127385182260824
86,87.0,Bradford West,Yorkshire and the Humber,2010.0,62519.0,40576,18401.0,12638.0,4732.0,940.0,812.0,0.0,0.0,3053.0,Borough,England,0.4534946766561514
87,88.0,Braintree,Eastern,2010.0,71163.0,49203,9780.0,25901.0,9247.0,718.0,2477.0,0.0,0.0,1080.0,County,England,0.5264109911997236
88,89.0,Brecon & Radnorshire,Wales,2010.0,53589.0,38845,4096.0,14182.0,17929.0,341.0,876.0,0.0,989.0,432.0,County,Wales,0.4615523233363367
89,90.0,Brent Central,London,2010.0,74046.0,45323,18681.0,5067.0,20026.0,668.0,0.0,0.0,0.0,881.0,Borough,England,0.4418507159720229
90,91.0,Brent North,London,2010.0,83896.0,52298,24514.0,16486.0,8879.0,725.0,380.0,0.0,0.0,1314.0,Borough,England,0.4687368541818043
91,92.0,Brentford & Isleworth,London,2010.0,83546.0,53765,18064.0,20022.0,12718.0,787.0,863.0,0.0,0.0,1311.0,Borough,England,0.3723984004463871
92,93.0,Brentwood & Ongar,Eastern,2010.0,69309.0,50592,4992.0,28793.0,11872.0,584.0,2037.0,0.0,0.0,2314.0,County,England,0.5691216002530044
93,94.0,Bridgend,Wales,2010.0,58700.0,38347,13931.0,11668.0,8658.0,0.0,801.0,0.0,2269.0,1020.0,County,Wales,0.36328787128067386
94,95.0,Bridgwater & Somerset West,South West,2010.0,82180.0,54493,9332.0,24675.0,15426.0,859.0,2604.0,0.0,0.0,1597.0,County,England,0.4528104527186978
95,96.0,Brigg & Goole,Yorkshire and the Humber,2010.0,67345.0,43874,14533.0,19680.0,6414.0,0.0,1749.0,0.0,0.0,1498.0,County,England,0.4485572320736655
96,97.0,Brighton Kemptown,South East,2010.0,66015.0,42705,14889.0,16217.0,7691.0,2330.0,1384.0,0.0,0.0,194.0,Borough,England,0.3797447605666784
97,98.0,Brighton Pavilion,South East,2010.0,74009.0,51834,14986.0,12275.0,7159.0,16238.0,948.0,0.0,0.0,228.0,Borough,England,0.3132692827101902
98,99.0,Bristol East,South West,2010.0,69448.0,45017,16471.0,12749.0,10993.0,803.0,1510.0,0.0,0.0,2491.0,Borough,England,0.3658839993780128
99,100.0,Bristol North West,South West,2010.0,73469.0,50336,13059.0,19115.0,15841.0,511.0,1175.0,0.0,0.0,635.0,Borough,England,0.3797480928162745
100,101.0,Bristol South,South West,2010.0,78579.0,48377,18600.0,11086.0,13866.0,1216.0,1264.0,0.0,0.0,2345.0,Borough,England,0.38448022820761935
101,102.0,Bristol West,South West,2010.0,82728.0,55347,15227.0,10169.0,26593.0,2090.0,655.0,0.0,0.0,613.0,Borough,England,0.4804777133358628
102,103.0,Broadland,Eastern,2010.0,72445.0,52676,7287.0,24338.0,17046.0,752.0,2382.0,0.0,0.0,871.0,County,England,0.4620320449540588
103,104.0,Bromley & Chislehurst,London,2010.0,65427.0,44037,7295.0,23569.0,9669.0,607.0,1451.0,0.0,0.0,1446.0,Borough,England,0.5352090287712605
104,105.0,Bromsgrove,West Midlands,2010.0,73036.0,51630,11250.0,22558.0,10124.0,0.0,2950.0,0.0,0.0,4748.0,County,England,0.4369165214022855
105,106.0,Broxbourne,Eastern,2010.0,71391.0,45658,8040.0,26844.0,6107.0,0.0,1890.0,0.0,0.0,2777.0,Borough,England,0.5879363966884226
106,107.0,Broxtowe,East Midlands,2010.0,72042.0,52727,20196.0,20585.0,8907.0,423.0,1194.0,0.0,0.0,1422.0,County,England,0.3904071917613367
107,108.0,Buckingham,South East,2010.0,74989.0,48335,0.0,0.0,0.0,0.0,8401.0,0.0,0.0,39934.0,County,England,0.8261922002689562
108,109.0,Burnley,North West,2010.0,66615.0,41845,13114.0,6950.0,14932.0,0.0,929.0,0.0,0.0,5920.0,Borough,England,0.3568407217110766
109,110.0,Burton,West Midlands,2010.0,74874.0,49823,15884.0,22188.0,7891.0,0.0,1451.0,0.0,0.0,2409.0,County,England,0.4453364911787728
110,111.0,Bury North,North West,2010.0,66759.0,44961,15827.0,18070.0,7645.0,0.0,1282.0,0.0,0.0,2137.0,Borough,England,0.4019038722448344
111,112.0,Bury South,North West,2010.0,73544.0,48267,19508.0,16216.0,8796.0,493.0,1017.0,0.0,0.0,2237.0,Borough,England,0.40416847949945095
112,113.0,Bury St Edmunds,Eastern,2010.0,84716.0,58718,9776.0,27899.0,15519.0,2521.0,3003.0,0.0,0.0,0.0,County,England,0.4751353928948534
113,114.0,Caerphilly,Wales,2010.0,62122.0,38692,17377.0,6622.0,5688.0,0.0,910.0,0.0,6460.0,1635.0,County,Wales,0.44911092732347774
114,115.0,"Caithness, Sutherland & Easter Ross",Scotland,2010.0,47263.0,28768,7081.0,3744.0,11907.0,0.0,0.0,5516.0,0.0,520.0,County,Scotland,0.4138973859844272
115,116.0,Calder Valley,Yorkshire and the Humber,2010.0,76903.0,51780,13966.0,20397.0,13037.0,858.0,1173.0,0.0,0.0,2349.0,County,England,0.3939165701042874
116,117.0,Camberwell & Peckham,London,2010.0,78627.0,46659,27619.0,6080.0,10432.0,1361.0,0.0,0.0,0.0,1167.0,Borough,England,0.5919329604149253
117,118.0,Camborne & Redruth,South West,2010.0,63975.0,42493,6945.0,15969.0,15903.0,581.0,2152.0,0.0,0.0,943.0,County,England,0.3758030734473913
118,119.0,Cambridge,Eastern,2010.0,74699.0,50130,12174.0,12829.0,19621.0,3804.0,1195.0,0.0,0.0,507.0,Borough,England,0.3914023538799121
119,120.0,Cambridgeshire North East,Eastern,2010.0,73224.0,52064,9274.0,26862.0,10437.0,0.0,2791.0,0.0,0.0,2700.0,County,England,0.5159419176398279
120,121.0,Cambridgeshire North West,Eastern,2010.0,88851.0,58283,9877.0,29425.0,12748.0,0.0,4826.0,0.0,0.0,1407.0,County,England,0.5048641971072182
121,122.0,Cambridgeshire South,Eastern,2010.0,78995.0,59056,6024.0,27995.0,20157.0,1039.0,1873.0,0.0,0.0,1968.0,County,England,0.4740415876456245
122,123.0,Cambridgeshire South East,Eastern,2010.0,83068.0,57602,4380.0,27629.0,21683.0,766.0,2138.0,0.0,0.0,1006.0,County,England,0.4796534842540189
123,124.0,Cannock Chase,West Midlands,2010.0,74508.0,45559,15076.0,18271.0,7732.0,0.0,1580.0,0.0,0.0,2900.0,County,England,0.4010404091397968
124,125.0,Canterbury,South East,2010.0,74121.0,49209,7940.0,22050.0,16002.0,1137.0,1907.0,0.0,0.0,173.0,County,England,0.448088764250442
125,126.0,Cardiff Central,Wales,2010.0,61165.0,36151,10400.0,7799.0,14976.0,575.0,765.0,0.0,1246.0,390.0,Borough,Wales,0.4142623993803767
126,127.0,Cardiff North,Wales,2010.0,65553.0,47630,17666.0,17860.0,8724.0,362.0,1130.0,0.0,1588.0,300.0,Borough,Wales,0.3749737560361117
127,128.0,Cardiff South & Penarth,Wales,2010.0,73707.0,44369,17262.0,12553.0,9875.0,554.0,1145.0,0.0,1851.0,1129.0,Borough,Wales,0.3890554215781289
128,129.0,Cardiff West,Wales,2010.0,62787.0,40958,16894.0,12143.0,7186.0,750.0,1117.0,0.0,2868.0,0.0,Borough,Wales,0.41247131207578497
129,130.0,Carlisle,North West,2010.0,65263.0,42200,15736.0,16589.0,6567.0,614.0,969.0,0.0,0.0,1725.0,County,England,0.3931042654028436
130,131.0,Carmarthen East & Dinefwr,Wales,2010.0,52385.0,38011,10065.0,8506.0,4609.0,0.0,1285.0,0.0,13546.0,0.0,County,Wales,0.3563705243219068
131,132.0,Carmarthen West & Pembrokeshire South,Wales,2010.0,58108.0,40507,13226.0,16649.0,4890.0,0.0,1146.0,0.0,4232.0,364.0,County,Wales,0.4110153800577678
132,133.0,Carshalton & Wallington,London,2010.0,66524.0,45918,4015.0,16920.0,22180.0,355.0,1348.0,0.0,0.0,1100.0,Borough,England,0.4830349753909142
133,134.0,Castle Point,Eastern,2010.0,67284.0,45026,6609.0,19806.0,4232.0,0.0,0.0,0.0,0.0,14379.0,Borough,England,0.439879180917692
134,135.0,Ceredigion,Wales,2010.0,59882.0,38258,2210.0,4421.0,19139.0,696.0,977.0,0.0,10815.0,0.0,County,Wales,0.5002613832401066
135,136.0,Charnwood,East Midlands,2010.0,74473.0,53542,10536.0,26560.0,11531.0,0.0,1799.0,0.0,0.0,3116.0,County,England,0.4960591685032311
136,137.0,Chatham & Aylesford,South East,2010.0,67964.0,43807,14161.0,20230.0,5832.0,396.0,1314.0,0.0,0.0,1874.0,County,England,0.4617983427306138
137,138.0,Cheadle,North West,2010.0,71635.0,52512,4920.0,21445.0,24717.0,0.0,1430.0,0.0,0.0,0.0,Borough,England,0.4706924131627057
138,139.0,Chelmsford,Eastern,2010.0,77525.0,54593,5980.0,25207.0,20097.0,476.0,1527.0,0.0,0.0,1306.0,Borough,England,0.4617258622900372
139,140.0,Chelsea & Fulham,London,2010.0,66257.0,39856,7371.0,24093.0,6473.0,671.0,478.0,0.0,0.0,770.0,Borough,England,0.6045012043356082
140,141.0,Cheltenham,South West,2010.0,78998.0,52786,2703.0,21739.0,26659.0,0.0,1192.0,0.0,0.0,493.0,Borough,England,0.5050392149433562
141,142.0,Chesham & Amersham,South East,2010.0,70333.0,52444,2942.0,31658.0,14948.0,767.0,2129.0,0.0,0.0,0.0,County,England,0.6036534207917016
142,143.0,"Chester, City of",North West,2010.0,70131.0,46790,16412.0,18995.0,8930.0,535.0,1225.0,0.0,0.0,693.0,County,England,0.4059628125667878
143,144.0,Chesterfield,East Midlands,2010.0,71878.0,45839,17891.0,7214.0,17342.0,600.0,1432.0,0.0,0.0,1360.0,Borough,England,0.3903008355330614
144,145.0,Chichester,South East,2010.0,81576.0,56787,5937.0,31427.0,15550.0,0.0,3873.0,0.0,0.0,0.0,County,England,0.5534189163012662
145,146.0,Chingford & Woodford Green,London,2010.0,64831.0,43106,9780.0,22743.0,7242.0,650.0,1133.0,0.0,0.0,1558.0,Borough,England,0.5276063657031503
146,147.0,Chippenham,South West,2010.0,72106.0,52385,3620.0,21500.0,23970.0,446.0,1783.0,0.0,0.0,1066.0,County,England,0.4575737329388184
147,148.0,Chipping Barnet,London,2010.0,75120.0,50608,12773.0,24700.0,10202.0,1021.0,1442.0,0.0,0.0,470.0,Borough,England,0.4880651280429972
148,149.0,Chorley,North West,2010.0,70976.0,49774,21515.0,18922.0,6957.0,0.0,2021.0,0.0,0.0,359.0,County,England,0.4322537871177724
149,150.0,Christchurch,South West,2010.0,68859.0,49416,4849.0,27888.0,12478.0,0.0,4201.0,0.0,0.0,0.0,County,England,0.5643516270033997
150,151.0,Cities of London & Westminster,London,2010.0,66849.0,36931,8188.0,19264.0,7574.0,778.0,664.0,0.0,0.0,463.0,Borough,England,0.5216214020741382
151,152.0,Clacton,Eastern,2010.0,67194.0,43123,10799.0,22867.0,5577.0,535.0,0.0,0.0,0.0,3345.0,County,England,0.5302738677735779
152,153.0,Cleethorpes,Yorkshire and the Humber,2010.0,70214.0,44966,14641.0,18939.0,8192.0,0.0,3194.0,0.0,0.0,0.0,County,England,0.4211848952541921
153,154.0,Clwyd South,Wales,2010.0,53748.0,34681,13311.0,10477.0,5965.0,0.0,819.0,0.0,3009.0,1100.0,County,Wales,0.3838124621550705
154,155.0,Clwyd West,Wales,2010.0,57913.0,38111,9414.0,15833.0,5801.0,0.0,864.0,0.0,5864.0,335.0,County,Wales,0.41544435989609296
155,156.0,"Coatbridge, Chryston & Bellshill",Scotland,2010.0,70067.0,41635,27728.0,3374.0,3519.0,0.0,0.0,7014.0,0.0,0.0,Burgh,Scotland,0.6659781433889757
156,157.0,Colchester,Eastern,2010.0,74064.0,46139,5680.0,15169.0,22151.0,694.0,1350.0,0.0,0.0,1095.0,Borough,England,0.4800927631721537
157,158.0,Colne Valley,Yorkshire and the Humber,2010.0,80060.0,55296,14589.0,20440.0,15603.0,867.0,1163.0,0.0,0.0,2634.0,County,England,0.3696469907407408
158,159.0,Congleton,North West,2010.0,72280.0,50780,8747.0,23250.0,16187.0,0.0,2147.0,0.0,0.0,449.0,County,England,0.4578574241827491
159,160.0,Copeland,North West,2010.0,63149.0,42787,19699.0,15866.0,4365.0,389.0,994.0,0.0,0.0,1474.0,County,England,0.4603968495103653
160,161.0,Corby,East Midlands,2010.0,78024.0,54236,20991.0,22886.0,7834.0,0.0,0.0,0.0,0.0,2525.0,County,England,0.4219706468028616
161,162.0,Cornwall North,South West,2010.0,67940.0,46844,1971.0,19531.0,22512.0,0.0,2300.0,0.0,0.0,530.0,County,England,0.4805738194859534
162,163.0,Cornwall South East,South West,2010.0,71373.0,49617,3507.0,22390.0,19170.0,826.0,3083.0,0.0,0.0,641.0,County,England,0.45125662575327
163,164.0,"Cotswolds, The",South West,2010.0,76729.0,54832,5886.0,29075.0,16211.0,940.0,2292.0,0.0,0.0,428.0,County,England,0.5302560548584768
164,165.0,Coventry North East,West Midlands,2010.0,73035.0,43383,21384.0,9609.0,7210.0,0.0,1291.0,0.0,0.0,3889.0,Borough,England,0.4929119701265473
165,166.0,Coventry North West,West Midlands,2010.0,72871.0,46560,19936.0,13648.0,8344.0,497.0,1295.0,0.0,0.0,2840.0,Borough,England,0.4281786941580756
166,167.0,Coventry South,West Midlands,2010.0,73652.0,45924,19197.0,15352.0,8278.0,639.0,1767.0,0.0,0.0,691.0,Borough,England,0.4180167232819441
167,168.0,Crawley,South East,2010.0,72781.0,47504,15336.0,21264.0,6844.0,598.0,1382.0,0.0,0.0,2080.0,Borough,England,0.4476254631188952
168,169.0,Crewe & Nantwich,North West,2010.0,79728.0,51084,17374.0,23420.0,7656.0,0.0,1414.0,0.0,0.0,1220.0,County,England,0.4584605747396445
169,170.0,Croydon Central,London,2010.0,76349.0,49667,16688.0,19567.0,6553.0,581.0,997.0,0.0,0.0,5281.0,Borough,England,0.3939637989006785
170,171.0,Croydon North,London,2010.0,85216.0,51676,28947.0,12466.0,7226.0,1017.0,891.0,0.0,0.0,1129.0,Borough,England,0.5601633253347782
171,172.0,Croydon South,London,2010.0,81303.0,56322,11287.0,28684.0,12866.0,981.0,2504.0,0.0,0.0,0.0,Borough,England,0.5092858918362274
172,173.0,"Cumbernauld, Kilsyth & Kirkintilloch East",Scotland,2010.0,64037.0,41150,23549.0,3407.0,3924.0,0.0,0.0,9794.0,0.0,476.0,County,Scotland,0.5722721749696233
173,174.0,Cynon Valley,Wales,2010.0,50650.0,29876,15681.0,3010.0,4120.0,0.0,1001.0,0.0,6064.0,0.0,County,Wales,0.5248694604364708
174,175.0,Dagenham & Rainham,London,2010.0,69764.0,44232,17813.0,15183.0,3806.0,296.0,1569.0,0.0,0.0,5565.0,Borough,England,0.40271748960028936
175,176.0,Darlington,North East,2010.0,68168.0,42896,16891.0,13503.0,10046.0,0.0,1194.0,0.0,0.0,1262.0,Borough,England,0.39376631853785904
176,177.0,Dartford,South East,2010.0,76271.0,50080,13800.0,24428.0,7361.0,0.0,1842.0,0.0,0.0,2649.0,County,England,0.4877795527156549
177,178.0,Daventry,East Midlands,2010.0,71452.0,51774,8168.0,29252.0,10064.0,770.0,2333.0,0.0,0.0,1187.0,County,England,0.5649940124386758
178,179.0,Delyn,Wales,2010.0,53470.0,36984,15083.0,12811.0,5747.0,0.0,655.0,0.0,1844.0,844.0,County,Wales,0.4078250054077439
179,180.0,Denton & Reddish,North West,2010.0,66330.0,37635,19191.0,9360.0,6727.0,0.0,2060.0,0.0,0.0,297.0,Borough,England,0.5099242726185731
180,181.0,Derby North,East Midlands,2010.0,71474.0,45080,14896.0,14283.0,12638.0,0.0,829.0,0.0,0.0,2434.0,Borough,England,0.33043478260869563
181,182.0,Derby South,East Midlands,2010.0,70999.0,41188,17851.0,11729.0,8430.0,0.0,1821.0,0.0,0.0,1357.0,Borough,England,0.4334029328930756
182,183.0,Derbyshire Dales,East Midlands,2010.0,63376.0,46780,9061.0,24378.0,10512.0,772.0,1779.0,0.0,0.0,278.0,County,England,0.5211201368106029
183,184.0,Derbyshire Mid,East Midlands,2010.0,66074.0,47342,11585.0,22877.0,9711.0,0.0,1252.0,0.0,0.0,1917.0,County,England,0.4832284229648093
184,185.0,Derbyshire North East,East Midlands,2010.0,71398.0,47034,17948.0,15503.0,10947.0,0.0,2636.0,0.0,0.0,0.0,County,England,0.3815962920440533
185,186.0,Derbyshire South,East Midlands,2010.0,70608.0,50419,15807.0,22935.0,8012.0,0.0,1206.0,0.0,0.0,2459.0,County,England,0.4548880382395525
186,187.0,Devizes,South West,2010.0,67379.0,46340,4711.0,25519.0,12514.0,813.0,2076.0,0.0,0.0,707.0,County,England,0.5506905481225723
187,188.0,Devon Central,South West,2010.0,71203.0,53873,3715.0,27737.0,18507.0,1044.0,2870.0,0.0,0.0,0.0,County,England,0.5148590202884562
188,189.0,Devon East,South West,2010.0,73109.0,53092,5721.0,25662.0,16548.0,815.0,4346.0,0.0,0.0,0.0,County,England,0.4833496571988247
189,190.0,Devon North,South West,2010.0,74508.0,51321,2671.0,18484.0,24305.0,697.0,3720.0,0.0,0.0,1444.0,County,England,0.4735878100582607
190,191.0,Devon South West,South West,2010.0,70813.0,49860,6193.0,27908.0,12034.0,641.0,3084.0,0.0,0.0,0.0,County,England,0.5597272362615323
191,192.0,Devon West & Torridge,South West,2010.0,77360.0,55257,2917.0,25230.0,22273.0,1050.0,3021.0,0.0,0.0,766.0,County,England,0.4565937347304414
192,193.0,Dewsbury,Yorkshire and the Humber,2010.0,78910.0,54008,17372.0,18898.0,9150.0,849.0,0.0,0.0,0.0,7739.0,County,England,0.34991112427788473
193,194.0,Don Valley,Yorkshire and the Humber,2010.0,72597.0,43420,16472.0,12877.0,7422.0,0.0,1904.0,0.0,0.0,4745.0,County,England,0.3793643482266237
194,195.0,Doncaster Central,Yorkshire and the Humber,2010.0,72985.0,41745,16569.0,10340.0,8795.0,0.0,1421.0,0.0,0.0,4620.0,Borough,England,0.3969098095580309
195,196.0,Doncaster North,Yorkshire and the Humber,2010.0,71681.0,41483,19637.0,8728.0,6174.0,0.0,1797.0,0.0,0.0,5147.0,County,England,0.4733746353928115
196,197.0,Dorset Mid & Poole North,South West,2010.0,64660.0,46788,2748.0,20831.0,21100.0,0.0,2109.0,0.0,0.0,0.0,County,England,0.4509703342737454
197,198.0,Dorset North,South West,2010.0,73741.0,54141,2910.0,27640.0,20015.0,546.0,2812.0,0.0,0.0,218.0,County,England,0.5105188304612032
198,199.0,Dorset South,South West,2010.0,73360.0,50310,15224.0,22667.0,9557.0,595.0,2034.0,0.0,0.0,233.0,County,England,0.4505466110117273
199,200.0,Dorset West,South West,2010.0,76869.0,57337,3815.0,27287.0,23364.0,675.0,2196.0,0.0,0.0,0.0,County,England,0.4759056106876886
200,201.0,Dover,South East,2010.0,71833.0,50385,16900.0,22174.0,7962.0,0.0,1747.0,0.0,0.0,1602.0,County,England,0.4400912970129999
201,202.0,Down North,Northern Ireland,2010.0,60698.0,33481,0.0,0.0,0.0,1043.0,0.0,0.0,0.0,32438.0,County,Northern Ireland,0.9688480033451808
202,203.0,Down South,Northern Ireland,2010.0,70784.0,42589,0.0,0.0,0.0,901.0,0.0,0.0,0.0,41688.0,County,Northern Ireland,0.9788443025194301
203,204.0,Dudley North,West Midlands,2010.0,60838.0,38602,14923.0,14274.0,4066.0,0.0,3267.0,0.0,0.0,2072.0,Borough,England,0.38658618724418425
204,205.0,Dudley South,West Midlands,2010.0,60572.0,38165,12594.0,16450.0,5989.0,0.0,3132.0,0.0,0.0,0.0,Borough,England,0.4310231887855365
205,206.0,Dulwich & West Norwood,London,2010.0,72817.0,48214,22461.0,10684.0,13096.0,1266.0,707.0,0.0,0.0,0.0,Borough,England,0.4658605384328203
206,207.0,Dumfries & Galloway,Scotland,2010.0,74584.0,52173,23950.0,16501.0,4608.0,0.0,695.0,6419.0,0.0,0.0,County,Scotland,0.4590497000364173
207,208.0,"Dumfriesshire, Clydesdale & Tweeddale",Scotland,2010.0,66627.0,45892,13263.0,17457.0,9080.0,510.0,637.0,4945.0,0.0,0.0,County,Scotland,0.3803930968360499
208,209.0,Dunbartonshire East,Scotland,2010.0,63795.0,47948,16367.0,7431.0,18551.0,0.0,545.0,5054.0,0.0,0.0,County,Scotland,0.3868983064987069
209,210.0,Dunbartonshire West,Scotland,2010.0,66086.0,42266,25905.0,3242.0,3434.0,0.0,683.0,8497.0,0.0,505.0,County,Scotland,0.6129039890219089
210,211.0,Dundee East,Scotland,2010.0,65471.0,40568,13529.0,6177.0,4285.0,542.0,431.0,15350.0,0.0,254.0,Burgh,Scotland,0.3783770459475448
211,212.0,Dundee West,Scotland,2010.0,63013.0,37126,17994.0,3461.0,4233.0,0.0,0.0,10716.0,0.0,722.0,Burgh,Scotland,0.48467381349997296
212,213.0,Dunfermline & Fife West,Scotland,2010.0,73590.0,48947,22639.0,3305.0,17169.0,0.0,633.0,5201.0,0.0,0.0,County,Scotland,0.4625206856395693
213,214.0,"Durham, City of",North East,2010.0,68832.0,46252,20496.0,6146.0,17429.0,0.0,856.0,0.0,0.0,1325.0,County,England,0.44313759404998704
214,215.0,Durham North,North East,2010.0,67544.0,40967,20698.0,8622.0,8617.0,0.0,1344.0,0.0,0.0,1686.0,County,England,0.5052359215954305
215,216.0,Durham North West,North East,2010.0,70350.0,43815,18539.0,8766.0,10927.0,0.0,1259.0,0.0,0.0,4324.0,County,England,0.42311993609494464
216,217.0,Dwyfor Meirionnydd,Wales,2010.0,45354.0,28906,4021.0,6447.0,3538.0,0.0,776.0,0.0,12814.0,1310.0,County,Wales,0.4432989690721649
217,218.0,Ealing Central & Acton,London,2010.0,70251.0,47200,14228.0,17944.0,13041.0,737.0,765.0,0.0,0.0,485.0,Borough,England,0.3801694915254237
218,219.0,Ealing North,London,2010.0,73104.0,47678,24023.0,14722.0,6283.0,505.0,685.0,0.0,0.0,1460.0,Borough,England,0.5038592222828139
219,220.0,Ealing Southall,London,2010.0,66970.0,42756,22024.0,12733.0,6383.0,705.0,0.0,0.0,0.0,911.0,Borough,England,0.5151089905510338
220,221.0,Easington,North East,2010.0,63879.0,34914,20579.0,4790.0,5597.0,0.0,1631.0,0.0,0.0,2317.0,County,England,0.5894197170189609
221,222.0,East Ham,London,2010.0,90674.0,50373,35471.0,7645.0,5849.0,586.0,0.0,0.0,0.0,822.0,Borough,England,0.7041669148154766
222,223.0,"East Kilbride, Strathaven & Lesmahagow",Scotland,2010.0,76534.0,50946,26241.0,6613.0,5052.0,1003.0,0.0,11738.0,0.0,299.0,County,Scotland,0.515074785066541
223,224.0,East Lothian,Scotland,2010.0,73348.0,49161,21919.0,9661.0,8288.0,862.0,548.0,7883.0,0.0,0.0,County,Scotland,0.44586155692520496
224,225.0,Eastbourne,South East,2010.0,77840.0,52124,2497.0,21223.0,24658.0,0.0,1305.0,0.0,0.0,2441.0,Borough,England,0.4730642314480854
225,226.0,Eastleigh,South East,2010.0,77436.0,53650,5153.0,21102.0,24966.0,0.0,1933.0,0.0,0.0,496.0,Borough,England,0.46534948741845295
226,227.0,Eddisbury,North West,2010.0,72100.0,45414,9794.0,23472.0,10217.0,0.0,1931.0,0.0,0.0,0.0,County,England,0.5168450257629805
227,228.0,Edinburgh East,Scotland,2010.0,60945.0,39865,17314.0,4358.0,7751.0,2035.0,0.0,8133.0,0.0,274.0,Burgh,Scotland,0.4343158158785903
228,229.0,Edinburgh North & Leith,Scotland,2010.0,69207.0,47356,17740.0,7079.0,16016.0,1062.0,0.0,4568.0,0.0,891.0,Burgh,Scotland,0.3746093420052369
229,230.0,Edinburgh South,Scotland,2010.0,59362.0,43801,15215.0,9452.0,14899.0,881.0,0.0,3354.0,0.0,0.0,Burgh,Scotland,0.3473664984817698
230,231.0,Edinburgh South West,Scotland,2010.0,66361.0,45462,19473.0,11026.0,8194.0,872.0,0.0,5530.0,0.0,367.0,Burgh,Scotland,0.4283357529365184
231,232.0,Edinburgh West,Scotland,2010.0,65159.0,46447,12881.0,10767.0,16684.0,0.0,0.0,6115.0,0.0,0.0,Burgh,Scotland,0.3592051155079984
232,233.0,Edmonton,London,2010.0,63904.0,40377,21665.0,12052.0,4252.0,516.0,1036.0,0.0,0.0,856.0,Borough,England,0.5365678480322956
233,234.0,Ellesmere Port & Neston,North West,2010.0,66509.0,44233,19750.0,15419.0,6663.0,0.0,1619.0,0.0,0.0,782.0,County,England,0.4464992200393371
234,235.0,Elmet & Rothwell,Yorkshire and the Humber,2010.0,77724.0,55789,19257.0,23778.0,9109.0,0.0,1593.0,0.0,0.0,2052.0,County,England,0.4262130527523347
235,236.0,Eltham,London,2010.0,62590.0,41964,17416.0,15753.0,5299.0,419.0,1011.0,0.0,0.0,2066.0,Borough,England,0.4150224001525117
236,237.0,Enfield North,London,2010.0,66261.0,44453,17112.0,18804.0,5403.0,489.0,938.0,0.0,0.0,1707.0,Borough,England,0.42300857085011134
237,238.0,Enfield Southgate,London,2010.0,64139.0,44352,14302.0,21928.0,6124.0,632.0,505.0,0.0,0.0,861.0,Borough,England,0.4944083694083694
238,239.0,Epping Forest,Eastern,2010.0,72186.0,46584,6641.0,25148.0,10017.0,659.0,1852.0,0.0,0.0,2267.0,County,England,0.5398420058389146
239,240.0,Epsom & Ewell,South East,2010.0,79908.0,54955,6538.0,30868.0,14734.0,0.0,2549.0,0.0,0.0,266.0,Borough,England,0.5616959330361204
240,241.0,Erewash,East Midlands,2010.0,69655.0,47642,16304.0,18805.0,8343.0,534.0,855.0,0.0,0.0,2801.0,County,England,0.394714747491709
241,242.0,Erith & Thamesmead,London,2010.0,69900.0,42476,19068.0,13365.0,5116.0,322.0,1139.0,0.0,0.0,3466.0,Borough,England,0.4489123269611073
242,243.0,Esher & Walton,South East,2010.0,75338.0,54543,5829.0,32134.0,13541.0,0.0,1783.0,0.0,0.0,1256.0,Borough,England,0.5891498450763618
243,244.0,Exeter,South West,2010.0,77158.0,52247,19942.0,17221.0,10581.0,792.0,1930.0,0.0,0.0,1781.0,Borough,England,0.38168698681263996
244,245.0,Falkirk,Scotland,2010.0,81869.0,50777,23207.0,5698.0,5225.0,0.0,1283.0,15364.0,0.0,0.0,County,Scotland,0.4570376351497725
245,246.0,Fareham,South East,2010.0,75915.0,54345,7719.0,30037.0,12945.0,791.0,2235.0,0.0,0.0,618.0,County,England,0.5527095408961266
246,247.0,Faversham & Kent Mid,South East,2010.0,68858.0,46712,7748.0,26250.0,9162.0,890.0,1722.0,0.0,0.0,940.0,County,England,0.5619541017297482
247,248.0,Feltham & Heston,London,2010.0,81058.0,48536,21174.0,16516.0,6679.0,530.0,992.0,0.0,0.0,2645.0,Borough,England,0.4362535025548047
248,249.0,Fermanagh & South Tyrone,Northern Ireland,2010.0,67908.0,46803,0.0,0.0,0.0,0.0,0.0,0.0,0.0,46803.0,County,Northern Ireland,1.0
249,250.0,Fife North East,Scotland,2010.0,62771.0,40064,6869.0,8715.0,17763.0,0.0,1032.0,5685.0,0.0,0.0,County,Scotland,0.4433656150159744
250,251.0,Filton & Bradley Stoke,South West,2010.0,69003.0,48301,12772.0,19686.0,12197.0,441.0,1506.0,0.0,0.0,1699.0,County,England,0.40756920146580816
251,252.0,Finchley & Golders Green,London,2010.0,70722.0,47157,15879.0,21688.0,8036.0,737.0,817.0,0.0,0.0,0.0,Borough,England,0.4599105116949764
252,253.0,Folkestone & Hythe,South East,2010.0,78005.0,52800,5719.0,26109.0,15987.0,637.0,2439.0,0.0,0.0,1909.0,County,England,0.4944886363636364
253,254.0,Forest of Dean,South West,2010.0,68419.0,48763,11789.0,22853.0,10676.0,923.0,2522.0,0.0,0.0,0.0,County,England,0.4686545126427825
254,255.0,Foyle,Northern Ireland,2010.0,65843.0,37889,0.0,0.0,0.0,0.0,0.0,0.0,0.0,37889.0,County,Northern Ireland,1.0
255,256.0,Fylde,North West,2010.0,65926.0,43690,8624.0,22826.0,9641.0,654.0,1945.0,0.0,0.0,0.0,County,England,0.5224536507209888
256,257.0,Gainsborough,East Midlands,2010.0,72939.0,49251,7701.0,24266.0,13707.0,0.0,2065.0,0.0,0.0,1512.0,County,England,0.4927006558242472
257,258.0,Garston & Halewood,North West,2010.0,71312.0,42825,25493.0,6908.0,8616.0,0.0,1540.0,0.0,0.0,268.0,Borough,England,0.5952831290134267
258,259.0,Gateshead,North East,2010.0,66492.0,38257,20712.0,5716.0,8163.0,379.0,1103.0,0.0,0.0,2184.0,Borough,England,0.5413911179653397
259,260.0,Gedling,East Midlands,2010.0,70866.0,48190,19821.0,17962.0,7350.0,0.0,1459.0,0.0,0.0,1598.0,County,England,0.4113094002905167
260,261.0,Gillingham & Rainham,South East,2010.0,70814.0,46786,12944.0,21624.0,8484.0,356.0,1515.0,0.0,0.0,1863.0,Borough,England,0.4621895438806479
261,262.0,Glasgow Central,Scotland,2010.0,60105.0,30580,15908.0,2158.0,5010.0,800.0,246.0,5357.0,0.0,1101.0,Burgh,Scotland,0.520209287115762
262,263.0,Glasgow East,Scotland,2010.0,61865.0,32164,19797.0,1453.0,1617.0,0.0,209.0,7957.0,0.0,1131.0,Burgh,Scotland,0.6155018032583012
263,264.0,Glasgow North,Scotland,2010.0,51490.0,29613,13181.0,2089.0,9283.0,947.0,0.0,3530.0,0.0,583.0,Burgh,Scotland,0.4451085671833317
264,265.0,Glasgow North East,Scotland,2010.0,59861.0,29409,20100.0,1569.0,2262.0,0.0,0.0,4158.0,0.0,1320.0,Burgh,Scotland,0.6834642456390899
265,266.0,Glasgow North West,Scotland,2010.0,60997.0,35582,19233.0,3537.0,5622.0,882.0,0.0,5430.0,0.0,878.0,Burgh,Scotland,0.5405261087066494
266,267.0,Glasgow South,Scotland,2010.0,65069.0,40094,20736.0,4592.0,4739.0,961.0,0.0,8078.0,0.0,988.0,Burgh,Scotland,0.5171846161520427
267,268.0,Glasgow South West,Scotland,2010.0,58191.0,31781,19863.0,2084.0,2870.0,0.0,0.0,5192.0,0.0,1772.0,Burgh,Scotland,0.6249960668323842
268,269.0,Glenrothes,Scotland,2010.0,67765.0,40501,25247.0,2922.0,3108.0,0.0,425.0,8799.0,0.0,0.0,County,Scotland,0.6233673242635984
269,270.0,Gloucester,South West,2010.0,79321.0,50764,17847.0,20267.0,9767.0,511.0,1808.0,0.0,0.0,564.0,Borough,England,0.3992396186273737
270,271.0,Gordon,Scotland,2010.0,73420.0,48775,9811.0,9111.0,17575.0,752.0,0.0,10827.0,0.0,699.0,County,Scotland,0.3603280369041517
271,272.0,Gosport,South East,2010.0,72816.0,46939,7944.0,24300.0,9887.0,573.0,1496.0,0.0,0.0,2739.0,Borough,England,0.5176931762500266
272,273.0,Gower,Wales,2010.0,61696.0,41671,16016.0,13333.0,7947.0,0.0,652.0,0.0,2760.0,963.0,County,Wales,0.384344028221065
273,274.0,Grantham & Stamford,East Midlands,2010.0,78008.0,52799,9503.0,26552.0,11726.0,0.0,1604.0,0.0,0.0,3414.0,County,England,0.5028883122786416
274,275.0,Gravesham,South East,2010.0,70195.0,47303,13644.0,22956.0,6293.0,675.0,2265.0,0.0,0.0,1470.0,County,England,0.4852969156290299
275,276.0,Great Grimsby,Yorkshire and the Humber,2010.0,61229.0,32954,10777.0,10063.0,7388.0,0.0,2043.0,0.0,0.0,2683.0,Borough,England,0.3270316198337076
276,277.0,Great Yarmouth,Eastern,2010.0,70315.0,43057,14295.0,18571.0,6188.0,416.0,2066.0,0.0,0.0,1521.0,County,England,0.4313119817915786
277,278.0,Greenwich & Woolwich,London,2010.0,65489.0,41188,20262.0,10109.0,7498.0,1054.0,0.0,0.0,0.0,2265.0,Borough,England,0.4919393998251918
278,279.0,Guildford,South East,2010.0,77082.0,55567,2812.0,29618.0,21836.0,0.0,1021.0,0.0,0.0,280.0,County,England,0.5330141990749906
279,280.0,Hackney North & Stoke Newington,London,2010.0,73906.0,46461,25553.0,6759.0,11092.0,2133.0,0.0,0.0,0.0,924.0,Borough,England,0.5499881621144616
280,281.0,Hackney South & Shoreditch,London,2010.0,72841.0,42858,23888.0,5800.0,9600.0,1493.0,651.0,0.0,0.0,1426.0,Borough,England,0.5573755191562836
281,282.0,Halesowen & Rowley Regis,West Midlands,2010.0,63693.0,43979,16092.0,18115.0,6515.0,0.0,2824.0,0.0,0.0,433.0,Borough,England,0.4119011346324382
282,283.0,Halifax,Yorkshire and the Humber,2010.0,70380.0,43555,16278.0,14806.0,8335.0,0.0,654.0,0.0,0.0,3482.0,Borough,England,0.3737343588566181
283,284.0,Haltemprice & Howden,Yorkshire and the Humber,2010.0,70254.0,48737,7630.0,24486.0,12884.0,669.0,0.0,0.0,0.0,3068.0,County,England,0.5024108993167409
284,285.0,Halton,North West,2010.0,68846.0,41338,23843.0,8339.0,5718.0,647.0,1228.0,0.0,0.0,1563.0,County,England,0.5767816536842615
285,286.0,Hammersmith,London,2010.0,72348.0,47452,20810.0,17261.0,7567.0,696.0,551.0,0.0,0.0,567.0,Borough,England,0.43854842788502063
286,287.0,Hampshire East,South East,2010.0,72262.0,51317,4043.0,29137.0,15640.0,0.0,1477.0,0.0,0.0,1020.0,County,England,0.5677845548258862
287,288.0,Hampshire North East,South East,2010.0,72196.0,52939,5173.0,32075.0,13478.0,0.0,2213.0,0.0,0.0,0.0,County,England,0.6058860197585899
288,289.0,Hampshire North West,South East,2010.0,76695.0,53292,6980.0,31072.0,12489.0,0.0,2751.0,0.0,0.0,0.0,County,England,0.5830518651955265
289,290.0,Hampstead & Kilburn,London,2010.0,80373.0,52822,17332.0,17290.0,16491.0,759.0,408.0,0.0,0.0,542.0,Borough,England,0.32812085873310365
290,291.0,Harborough,East Midlands,2010.0,77917.0,54945,6981.0,26894.0,17097.0,0.0,1462.0,0.0,0.0,2511.0,County,England,0.4894712894712895
291,292.0,Harlow,Eastern,2010.0,67583.0,43878,14766.0,19691.0,5990.0,0.0,1591.0,0.0,0.0,1840.0,County,England,0.4487670358721911
292,293.0,Harrogate & Knaresborough,Yorkshire and the Humber,2010.0,74760.0,53134,3413.0,24305.0,23266.0,0.0,1056.0,0.0,0.0,1094.0,County,England,0.4574283886024015
293,294.0,Harrow East,London,2010.0,70510.0,48006,18032.0,21435.0,6850.0,793.0,896.0,0.0,0.0,0.0,Borough,England,0.44650668666416704
294,295.0,Harrow West,London,2010.0,68554.0,46116,20111.0,16968.0,7458.0,625.0,954.0,0.0,0.0,0.0,Borough,England,0.43609593199757135
295,296.0,Hartlepool,North East,2010.0,68927.0,38242,16267.0,10758.0,6533.0,0.0,2682.0,0.0,0.0,2002.0,Borough,England,0.4253700120286596
296,297.0,Harwich & Essex North,Eastern,2010.0,70743.0,49000,9774.0,23001.0,11554.0,909.0,2527.0,0.0,0.0,1235.0,County,England,0.4694081632653061
297,298.0,Hastings & Rye,South East,2010.0,77030.0,49814,18475.0,20468.0,7825.0,0.0,1397.0,0.0,0.0,1649.0,County,England,0.4108885052394909
298,299.0,Havant,South East,2010.0,69662.0,43903,7777.0,22433.0,10273.0,0.0,2611.0,0.0,0.0,809.0,Borough,England,0.5109673598615129
299,300.0,Hayes & Harlington,London,2010.0,70231.0,42637,23377.0,12553.0,3726.0,348.0,0.0,0.0,0.0,2633.0,Borough,England,0.5482796632033211
300,301.0,Hazel Grove,North West,2010.0,62300.0,41981,5234.0,14114.0,20485.0,0.0,2148.0,0.0,0.0,0.0,County,England,0.4879588385221886
301,302.0,Hemel Hempstead,Eastern,2010.0,72752.0,49471,10295.0,24721.0,11315.0,0.0,1254.0,0.0,0.0,1886.0,County,England,0.4997068989913282
302,303.0,Hemsworth,Yorkshire and the Humber,2010.0,75542.0,43840,20506.0,10662.0,5667.0,0.0,0.0,0.0,0.0,7005.0,County,England,0.4677463503649635
303,304.0,Hendon,London,2010.0,72943.0,46374,19529.0,19635.0,5734.0,518.0,958.0,0.0,0.0,0.0,Borough,England,0.4234053564497348
304,305.0,Henley,South East,2010.0,73123.0,53520,5835.0,30054.0,13466.0,1328.0,1817.0,0.0,0.0,1020.0,County,England,0.5615470852017937
305,306.0,Hereford & Herefordshire South,West Midlands,2010.0,72021.0,48381,3506.0,22366.0,19885.0,0.0,1638.0,0.0,0.0,986.0,County,England,0.4622889150699655
306,307.0,Herefordshire North,West Midlands,2010.0,66946.0,47568,3373.0,24631.0,14744.0,1533.0,2701.0,0.0,0.0,586.0,County,England,0.5178060881264716
307,308.0,Hertford & Stortford,Eastern,2010.0,78459.0,55377,7620.0,29810.0,14373.0,0.0,1716.0,0.0,0.0,1858.0,County,England,0.5383101287538148
308,309.0,Hertfordshire North East,Eastern,2010.0,72200.0,50425,8291.0,26995.0,11801.0,875.0,2075.0,0.0,0.0,388.0,County,England,0.5353495290034705
309,310.0,Hertfordshire South West,Eastern,2010.0,78248.0,56750,6526.0,30773.0,15853.0,0.0,1450.0,0.0,0.0,2148.0,County,England,0.5422555066079295
310,311.0,Hertsmere,Eastern,2010.0,73057.0,47270,8871.0,26476.0,8210.0,604.0,1712.0,0.0,0.0,1397.0,County,England,0.5601015443198646
311,312.0,Hexham,North East,2010.0,60360.0,43483,8253.0,18795.0,13007.0,0.0,0.0,0.0,0.0,3428.0,County,England,0.4322378860704183
312,313.0,Heywood & Middleton,North West,2010.0,80171.0,46125,18499.0,12528.0,10474.0,0.0,1215.0,0.0,0.0,3409.0,County,England,0.4010623306233062
313,314.0,High Peak,East Midlands,2010.0,71458.0,50337,15910.0,20587.0,10993.0,922.0,1690.0,0.0,0.0,235.0,County,England,0.4089834515366429
314,315.0,Hitchin & Harpenden,Eastern,2010.0,73851.0,54707,7413.0,29869.0,14598.0,807.0,1663.0,0.0,0.0,357.0,County,England,0.5459813186612317
315,316.0,Holborn & St Pancras,London,2010.0,86563.0,54649,25198.0,11134.0,15256.0,1480.0,587.0,0.0,0.0,994.0,Borough,England,0.4610880345477502
316,317.0,Hornchurch & Upminster,London,2010.0,78547.0,53390,11098.0,27469.0,7426.0,542.0,2848.0,0.0,0.0,4007.0,Borough,England,0.5144970968346132
317,318.0,Hornsey & Wood Green,London,2010.0,78748.0,55042,18720.0,9174.0,25595.0,1261.0,0.0,0.0,0.0,292.0,Borough,England,0.4650085389339051
318,319.0,Horsham,South East,2010.0,77564.0,55841,4189.0,29447.0,17987.0,570.0,2839.0,0.0,0.0,809.0,County,England,0.5273365448326498
319,320.0,Houghton & Sunderland South,North East,2010.0,68729.0,38021,19137.0,8147.0,5292.0,0.0,1022.0,0.0,0.0,4423.0,Borough,England,0.5033271087030852
320,321.0,Hove,South East,2010.0,71720.0,49819,16426.0,18294.0,11240.0,2568.0,1206.0,0.0,0.0,85.0,Borough,England,0.36720929765752025
321,322.0,Huddersfield,Yorkshire and the Humber,2010.0,66318.0,40524,15725.0,11253.0,10023.0,1641.0,0.0,0.0,0.0,1882.0,Borough,England,0.3880416543282993
322,323.0,Hull East,Yorkshire and the Humber,2010.0,67530.0,34184,16387.0,5667.0,7790.0,0.0,2745.0,0.0,0.0,1595.0,Borough,England,0.4793763164053358
323,324.0,Hull North,Yorkshire and the Humber,2010.0,64082.0,33291,13044.0,4365.0,12403.0,478.0,1358.0,0.0,0.0,1643.0,Borough,England,0.3918176083626205
324,325.0,Hull West & Hessle,Yorkshire and the Humber,2010.0,57264.0,31505,13378.0,6361.0,7636.0,0.0,1688.0,0.0,0.0,2442.0,Borough,England,0.4246310109506428
325,326.0,Huntingdon,Eastern,2010.0,83557.0,54266,5982.0,26516.0,15697.0,652.0,3258.0,0.0,0.0,2161.0,County,England,0.4886300814506321
326,327.0,Hyndburn,North West,2010.0,67221.0,42672,17531.0,14441.0,5033.0,463.0,1481.0,0.0,0.0,3723.0,Borough,England,0.4108314585676791
327,328.0,Ilford North,London,2010.0,72372.0,47018,16102.0,21506.0,5966.0,572.0,871.0,0.0,0.0,2001.0,Borough,England,0.4573992938874474
328,329.0,Ilford South,London,2010.0,86220.0,51191,25301.0,14014.0,8679.0,1319.0,1132.0,0.0,0.0,746.0,Borough,England,0.4942470356117286
329,330.0,Inverclyde,Scotland,2010.0,59209.0,37512,20993.0,4502.0,5007.0,0.0,433.0,6577.0,0.0,0.0,County,Scotland,0.5596342503732139
330,331.0,"Inverness, Nairn, Badenoch & Strathspey",Scotland,2010.0,72528.0,47086,10407.0,6278.0,19172.0,789.0,574.0,8803.0,0.0,1063.0,County,Scotland,0.40716985940619294
331,332.0,Ipswich,Eastern,2010.0,75770.0,46941,16292.0,18371.0,8556.0,775.0,1365.0,0.0,0.0,1582.0,Borough,England,0.3913636266803008
332,333.0,Isle of Wight,South East,2010.0,109922.0,70264,8169.0,32810.0,22283.0,931.0,2435.0,0.0,0.0,3636.0,County,England,0.4669532050552203
333,334.0,Islington North,London,2010.0,68119.0,44554,24276.0,6339.0,11875.0,1348.0,716.0,0.0,0.0,0.0,Borough,England,0.5448669030838982
334,335.0,Islington South & Finsbury,London,2010.0,67650.0,43555,18407.0,8449.0,14838.0,710.0,701.0,0.0,0.0,450.0,Borough,England,0.4226150843760762
335,336.0,Islwyn,Wales,2010.0,54866.0,34684,17069.0,4854.0,3597.0,0.0,930.0,0.0,4518.0,3716.0,County,Wales,0.4921289355322338
336,337.0,Jarrow,North East,2010.0,64350.0,38784,20910.0,8002.0,7163.0,0.0,0.0,0.0,0.0,2709.0,Borough,England,0.5391398514851485
337,338.0,Keighley,Yorkshire and the Humber,2010.0,65893.0,47692,17063.0,20003.0,7059.0,0.0,1470.0,0.0,0.0,2097.0,County,England,0.4194204478738573
338,339.0,Kenilworth & Southam,West Midlands,2010.0,64362.0,48431,6949.0,25945.0,13393.0,568.0,1214.0,0.0,0.0,362.0,County,England,0.5357105985835519
339,340.0,Kensington,London,2010.0,65975.0,35150,8979.0,17595.0,6872.0,753.0,754.0,0.0,0.0,197.0,Borough,England,0.5005689900426743
340,341.0,Kettering,East Midlands,2010.0,68824.0,47328,14153.0,23247.0,7498.0,0.0,0.0,0.0,0.0,2430.0,County,England,0.4911891480730223
341,342.0,Kilmarnock & Loudoun,Scotland,2010.0,74131.0,46553,24460.0,6592.0,3419.0,0.0,0.0,12082.0,0.0,0.0,County,Scotland,0.5254226365647756
342,343.0,Kingston & Surbiton,London,2010.0,81115.0,57111,5337.0,20868.0,28428.0,555.0,1450.0,0.0,0.0,473.0,Borough,England,0.4977675053842517
343,344.0,Kingswood,South West,2010.0,66361.0,47906,16917.0,19362.0,8072.0,383.0,1528.0,0.0,0.0,1644.0,Borough,England,0.4041664927149
344,345.0,Kirkcaldy & Cowdenbeath,Scotland,2010.0,73534.0,45802,29559.0,4258.0,4269.0,0.0,760.0,6550.0,0.0,406.0,County,Scotland,0.6453648312300773
345,346.0,Knowsley,North West,2010.0,79564.0,44658,31650.0,4004.0,5964.0,0.0,1145.0,0.0,0.0,1895.0,Borough,England,0.7087196023108961
346,347.0,Lagan Valley,Northern Ireland,2010.0,65257.0,36540,0.0,0.0,0.0,0.0,0.0,0.0,0.0,36540.0,County,Northern Ireland,1.0
347,348.0,Lanark & Hamilton East,Scotland,2010.0,74773.0,46554,23258.0,6981.0,5249.0,0.0,616.0,9780.0,0.0,670.0,County,Scotland,0.4995918718047858
348,349.0,Lancashire West,North West,2010.0,73835.0,48473,21883.0,17540.0,6573.0,485.0,1775.0,0.0,0.0,217.0,County,England,0.4514471974088668
349,350.0,Lancaster & Fleetwood,North West,2010.0,67379.0,42701,15071.0,15404.0,8167.0,1888.0,1020.0,0.0,0.0,1151.0,County,England,0.3607409662537177
350,351.0,Leeds Central,Yorkshire and the Humber,2010.0,81266.0,37394,18434.0,7541.0,7789.0,0.0,0.0,0.0,0.0,3630.0,Borough,England,0.4929667861154196
351,352.0,Leeds East,Yorkshire and the Humber,2010.0,64698.0,37813,19056.0,8763.0,6618.0,0.0,0.0,0.0,0.0,3376.0,Borough,England,0.5039536667283738
352,353.0,Leeds North East,Yorkshire and the Humber,2010.0,67899.0,47535,20287.0,15742.0,9310.0,0.0,842.0,0.0,0.0,1354.0,Borough,England,0.4267802671715578
353,354.0,Leeds North West,Yorkshire and the Humber,2010.0,65399.0,43483,9132.0,11550.0,20653.0,508.0,600.0,0.0,0.0,1040.0,Borough,England,0.4749672285720856
354,355.0,Leeds West,Yorkshire and the Humber,2010.0,67453.0,38752,16389.0,7641.0,9373.0,1832.0,1140.0,0.0,0.0,2377.0,Borough,England,0.4229201073492981
355,356.0,Leicester East,East Midlands,2010.0,72986.0,47995,25804.0,11722.0,6817.0,733.0,725.0,0.0,0.0,2194.0,Borough,England,0.5376393374309824
356,357.0,Leicester South,East Midlands,2010.0,77175.0,47124,21479.0,10066.0,12671.0,770.0,720.0,0.0,0.0,1418.0,Borough,England,0.4557974705033528
357,358.0,Leicester West,East Midlands,2010.0,64900.0,35819,13745.0,9728.0,8107.0,639.0,883.0,0.0,0.0,2717.0,Borough,England,0.38373488930455896
358,359.0,Leicestershire North West,East Midlands,2010.0,71217.0,51952,15636.0,23147.0,8639.0,0.0,1134.0,0.0,0.0,3396.0,County,England,0.44554588851247307
359,360.0,Leicestershire South,East Midlands,2010.0,76633.0,54577,11392.0,27000.0,11476.0,0.0,1988.0,0.0,0.0,2721.0,County,England,0.4947138904666801
360,361.0,Leigh,North West,2010.0,75903.0,44332,21295.0,9284.0,8049.0,0.0,1535.0,0.0,0.0,4169.0,County,England,0.4803527925651899
361,362.0,Lewes,South East,2010.0,68708.0,50088,2508.0,18401.0,26048.0,729.0,1728.0,0.0,0.0,674.0,County,England,0.5200447212905287
362,363.0,Lewisham Deptford,London,2010.0,67058.0,41220,22132.0,5551.0,9633.0,2772.0,0.0,0.0,0.0,1132.0,Borough,England,0.5369238233867055
363,364.0,Lewisham East,London,2010.0,65926.0,41719,17966.0,9850.0,11750.0,624.0,771.0,0.0,0.0,758.0,Borough,England,0.4306431122510127
364,365.0,Lewisham West & Penge,London,2010.0,69022.0,45028,18501.0,11489.0,12673.0,931.0,1117.0,0.0,0.0,317.0,Borough,England,0.41087767611264103
365,366.0,Leyton & Wanstead,London,2010.0,63541.0,40159,17511.0,8928.0,11095.0,562.0,1080.0,0.0,0.0,983.0,Borough,England,0.436041734106925
366,367.0,Lichfield,West Midlands,2010.0,72586.0,51563,10230.0,28048.0,10365.0,0.0,2920.0,0.0,0.0,0.0,County,England,0.5439559373969707
367,368.0,Lincoln,East Midlands,2010.0,73540.0,45721,16105.0,17163.0,9256.0,0.0,1004.0,0.0,0.0,2193.0,Borough,England,0.3753854902561186
368,369.0,Linlithgow & Falkirk East,Scotland,2010.0,80907.0,51450,25634.0,6146.0,6589.0,0.0,0.0,13081.0,0.0,0.0,County,Scotland,0.4982312925170068
369,370.0,Liverpool Riverside,North West,2010.0,74539.0,38801,22998.0,4243.0,8825.0,1355.0,674.0,0.0,0.0,706.0,Borough,England,0.5927166825597279
370,371.0,Liverpool Walton,North West,2010.0,62612.0,34335,24709.0,2241.0,4891.0,0.0,898.0,0.0,0.0,1596.0,Borough,England,0.7196446774428426
371,372.0,Liverpool Wavertree,North West,2010.0,62518.0,37914,20132.0,2830.0,12965.0,598.0,890.0,0.0,0.0,499.0,Borough,England,0.5309911905892283
372,373.0,Liverpool West Derby,North West,2010.0,63082.0,35784,22953.0,3311.0,4486.0,0.0,1093.0,0.0,0.0,3941.0,Borough,England,0.6414319248826291
373,374.0,Livingston,Scotland,2010.0,75924.0,47907,23215.0,5158.0,5316.0,0.0,443.0,12424.0,0.0,1351.0,County,Scotland,0.4845847162210116
374,375.0,Llanelli,Wales,2010.0,55637.0,37461,15916.0,5381.0,3902.0,0.0,1047.0,0.0,11215.0,0.0,County,Wales,0.4248685299378021
375,376.0,Londonderry East,Northern Ireland,2010.0,63220.0,34950,0.0,0.0,0.0,0.0,0.0,0.0,0.0,34950.0,County,Northern Ireland,1.0
376,377.0,Loughborough,East Midlands,2010.0,77505.0,52838,18227.0,21971.0,9675.0,0.0,925.0,0.0,0.0,2040.0,County,England,0.4158181611718839
377,378.0,Louth & Horncastle,East Midlands,2010.0,77650.0,50494,8760.0,25065.0,11194.0,0.0,2183.0,0.0,0.0,3292.0,County,England,0.4963956113597655
378,379.0,Ludlow,West Midlands,2010.0,66632.0,48732,3272.0,25720.0,15971.0,447.0,2127.0,0.0,0.0,1195.0,County,England,0.5277846179102027
379,380.0,Luton North,Eastern,2010.0,65645.0,43018,21192.0,13672.0,4784.0,490.0,1564.0,0.0,0.0,1316.0,Borough,England,0.4926309916779023
380,381.0,Luton South,Eastern,2010.0,65219.0,42216,14725.0,12396.0,9567.0,366.0,975.0,0.0,0.0,4187.0,Borough,England,0.34880140231191964
381,382.0,Macclesfield,North West,2010.0,75370.0,50059,10164.0,23503.0,11544.0,840.0,1418.0,0.0,0.0,2590.0,County,England,0.4695059829401306
382,383.0,Maidenhead,South East,2010.0,72844.0,53720,3795.0,31937.0,15168.0,482.0,1243.0,0.0,0.0,1095.0,County,England,0.5945085629188385
383,384.0,Maidstone & The Weald,South East,2010.0,71041.0,48928,4769.0,23491.0,17602.0,655.0,1637.0,0.0,0.0,774.0,County,England,0.4801136363636364
384,385.0,Makerfield,North West,2010.0,73813.0,43771,20700.0,8210.0,7082.0,0.0,0.0,0.0,0.0,7779.0,County,England,0.4729158575312422
385,386.0,Maldon,Eastern,2010.0,68777.0,47895,6070.0,28661.0,9254.0,0.0,2446.0,0.0,0.0,1464.0,County,England,0.5984131955318926
386,387.0,Manchester Central,North West,2010.0,90110.0,39927,21059.0,4704.0,10620.0,915.0,607.0,0.0,0.0,2022.0,Borough,England,0.5274375735717685
387,388.0,Manchester Gorton,North West,2010.0,75933.0,38325,19211.0,4224.0,12508.0,1048.0,0.0,0.0,0.0,1334.0,Borough,England,0.5012654924983692
388,389.0,Manchester Withington,North West,2010.0,74371.0,45031,18216.0,5005.0,20110.0,798.0,698.0,0.0,0.0,204.0,Borough,England,0.4465812440318892
389,390.0,Mansfield,East Midlands,2010.0,80069.0,48395,18753.0,12741.0,7469.0,0.0,2985.0,0.0,0.0,6447.0,County,England,0.3874987085442711
390,391.0,Meon Valley,South East,2010.0,70488.0,51238,3266.0,28818.0,16693.0,0.0,1490.0,0.0,0.0,971.0,County,England,0.562434130918459
391,392.0,Meriden,West Midlands,2010.0,82228.0,52162,10703.0,26956.0,9278.0,678.0,1378.0,0.0,0.0,3169.0,County,England,0.5167746635481768
392,393.0,Merthyr Tydfil & Rhymney,Wales,2010.0,54715.0,32076,14007.0,2412.0,9951.0,0.0,872.0,0.0,1621.0,3213.0,County,Wales,0.4366816311260756
393,394.0,Middlesbrough,North East,2010.0,65148.0,33455,15351.0,6283.0,6662.0,0.0,1236.0,0.0,0.0,3923.0,Borough,England,0.4588551785981169
394,395.0,Middlesbrough South & Cleveland East,North East,2010.0,72666.0,46214,18138.0,16461.0,7340.0,0.0,1881.0,0.0,0.0,2394.0,County,England,0.3924784697277881
395,396.0,Midlothian,Scotland,2010.0,61387.0,39242,18449.0,4661.0,6711.0,595.0,364.0,8100.0,0.0,362.0,County,Scotland,0.4701340400591204
396,397.0,Milton Keynes North,South East,2010.0,82432.0,53888,14458.0,23419.0,11894.0,733.0,1772.0,0.0,0.0,1612.0,County,England,0.4345865498812351
397,398.0,Milton Keynes South,South East,2010.0,86559.0,55333,17833.0,23034.0,9787.0,774.0,2074.0,0.0,0.0,1831.0,Borough,England,0.4162796161422659
398,399.0,Mitcham & Morden,London,2010.0,65939.0,43797,24722.0,11056.0,5202.0,381.0,857.0,0.0,0.0,1579.0,Borough,England,0.5644678859282599
399,400.0,Mole Valley,South East,2010.0,72297.0,54324,3804.0,31263.0,15610.0,895.0,2752.0,0.0,0.0,0.0,County,England,0.5754914954716147
400,401.0,Monmouth,Wales,2010.0,64538.0,46519,12041.0,22466.0,9026.0,587.0,1126.0,0.0,1273.0,0.0,County,Wales,0.482942453621101
401,402.0,Montgomeryshire,Wales,2010.0,48730.0,33813,2407.0,13976.0,12792.0,0.0,1128.0,0.0,2802.0,708.0,County,Wales,0.41333215035637183
402,403.0,Moray,Scotland,2010.0,65925.0,41004,7007.0,10683.0,5956.0,0.0,1085.0,16273.0,0.0,0.0,County,Scotland,0.3968637206126232
403,404.0,Morecambe & Lunesdale,North West,2010.0,69576.0,43436,17169.0,18035.0,5791.0,598.0,1843.0,0.0,0.0,0.0,County,England,0.4152085827424256
404,405.0,Morley & Outwood,Yorkshire and the Humber,2010.0,74891.0,48856,18365.0,17264.0,8186.0,0.0,1506.0,0.0,0.0,3535.0,County,England,0.3759006058621254
405,406.0,Motherwell & Wishaw,Scotland,2010.0,66918.0,39123,23910.0,3660.0,3840.0,0.0,0.0,7104.0,0.0,609.0,Burgh,Scotland,0.6111494517291619
406,407.0,Na h-Eileanan an Iar (Western Isles),Scotland,2010.0,21780.0,14717,4838.0,647.0,1097.0,0.0,0.0,6723.0,0.0,1412.0,County,Scotland,0.4568186451043012
407,408.0,Neath,Wales,2010.0,57295.0,37122,17172.0,4847.0,5535.0,0.0,829.0,0.0,7397.0,1342.0,County,Wales,0.4625828349765638
408,409.0,New Forest East,South East,2010.0,72858.0,50036,4915.0,26443.0,15136.0,1024.0,2518.0,0.0,0.0,0.0,County,England,0.5284794947637701
409,410.0,New Forest West,South East,2010.0,68332.0,47572,4666.0,27980.0,11084.0,1059.0,2783.0,0.0,0.0,0.0,County,England,0.5881611031699319
410,411.0,Newark,East Midlands,2010.0,71755.0,51228,11438.0,27590.0,10246.0,0.0,1954.0,0.0,0.0,0.0,County,England,0.5385726555789803
411,412.0,Newbury,South East,2010.0,79144.0,58589,2505.0,33057.0,20809.0,490.0,1475.0,0.0,0.0,253.0,County,England,0.5642185393162539
412,413.0,Newcastle-under-Lyme,West Midlands,2010.0,69433.0,43191,16393.0,14841.0,8466.0,0.0,3491.0,0.0,0.0,0.0,Borough,England,0.37954666481442895
413,414.0,Newcastle upon Tyne Central,North East,2010.0,60507.0,34157,15694.0,6611.0,8228.0,568.0,754.0,0.0,0.0,2302.0,Borough,England,0.4594665807887109
414,415.0,Newcastle upon Tyne East,North East,2010.0,64487.0,37840,17043.0,6068.0,12590.0,620.0,0.0,0.0,0.0,1519.0,Borough,England,0.4503964059196618
415,416.0,Newcastle upon Tyne North,North East,2010.0,67110.0,43946,17950.0,7966.0,14536.0,319.0,1285.0,0.0,0.0,1890.0,Borough,England,0.408455832157648
416,417.0,Newport East,Wales,2010.0,54437.0,34448,12744.0,7918.0,11094.0,0.0,677.0,0.0,724.0,1291.0,County,Wales,0.36994890849976775
417,418.0,Newport West,Wales,2010.0,62111.0,39720,16389.0,12845.0,6587.0,450.0,1144.0,0.0,1122.0,1183.0,County,Wales,0.4126132930513595
418,419.0,Newry & Armagh,Northern Ireland,2010.0,74308.0,44906,0.0,0.0,0.0,0.0,0.0,0.0,0.0,44906.0,County,Northern Ireland,1.0
419,420.0,Newton Abbot,South West,2010.0,69319.0,48283,3387.0,20774.0,20251.0,701.0,3088.0,0.0,0.0,82.0,County,England,0.4302549551602013
420,421.0,Norfolk Mid,Eastern,2010.0,74260.0,50765,8857.0,25123.0,11267.0,1457.0,2800.0,0.0,0.0,1261.0,County,England,0.4948882103811682
421,422.0,Norfolk North,Eastern,2010.0,67851.0,49661,2896.0,15928.0,27554.0,508.0,2680.0,0.0,0.0,95.0,County,England,0.5548418275910675
422,423.0,Norfolk North West,Eastern,2010.0,73105.0,47800,6353.0,25916.0,11106.0,745.0,1841.0,0.0,0.0,1839.0,County,England,0.5421757322175732
423,424.0,Norfolk South,Eastern,2010.0,76179.0,54993,7252.0,27133.0,16193.0,1000.0,2329.0,0.0,0.0,1086.0,County,England,0.4933900678268143
424,425.0,Norfolk South West,Eastern,2010.0,73758.0,49150,9119.0,23753.0,10613.0,830.0,3061.0,0.0,0.0,1774.0,County,England,0.4832756866734486
425,426.0,"Normanton, Pontefract & Castleford",Yorkshire and the Humber,2010.0,82336.0,46239,22293.0,11314.0,7585.0,0.0,0.0,0.0,0.0,5047.0,County,England,0.4821254784921819
426,427.0,Northampton North,East Midlands,2010.0,61850.0,40271,11799.0,13735.0,11250.0,443.0,1238.0,0.0,0.0,1806.0,Borough,England,0.3410642894390504
427,428.0,Northampton South,East Midlands,2010.0,63105.0,38978,9913.0,15917.0,7579.0,363.0,1897.0,0.0,0.0,3309.0,Borough,England,0.4083585612396737
428,429.0,Northamptonshire South ,East Midlands,2010.0,82033.0,59890,10380.0,33081.0,12603.0,685.0,2406.0,0.0,0.0,735.0,County,England,0.5523626648856237
429,430.0,Norwich North,Eastern,2010.0,64814.0,42573,13379.0,17280.0,7783.0,1245.0,1878.0,0.0,0.0,1008.0,Borough,England,0.4058910577126348
430,431.0,Norwich South,Eastern,2010.0,73649.0,47551,13650.0,10902.0,13960.0,7095.0,1145.0,0.0,0.0,799.0,Borough,England,0.2935795251414271
431,432.0,Nottingham East,East Midlands,2010.0,58705.0,33112,15022.0,7846.0,8053.0,928.0,1138.0,0.0,0.0,125.0,Borough,England,0.4536723846339696
432,433.0,Nottingham North,East Midlands,2010.0,63240.0,34285,16646.0,8508.0,5849.0,0.0,1338.0,0.0,0.0,1944.0,Borough,England,0.4855184483010063
433,434.0,Nottingham South,East Midlands,2010.0,67441.0,40789,15209.0,13437.0,9406.0,630.0,967.0,0.0,0.0,1140.0,Borough,England,0.3728701365564245
434,435.0,Nuneaton,West Midlands,2010.0,67837.0,44646,16467.0,18536.0,6846.0,0.0,0.0,0.0,0.0,2797.0,County,England,0.4151771715271245
435,436.0,Ochil & South Perthshire,Scotland,2010.0,75115.0,50469,19131.0,10342.0,5754.0,609.0,689.0,13944.0,0.0,0.0,County,Scotland,0.3790643761516971
436,437.0,Ogmore,Wales,2010.0,55527.0,34650,18644.0,5398.0,5260.0,0.0,780.0,0.0,3326.0,1242.0,County,Wales,0.538066378066378
437,438.0,Old Bexley & Sidcup,London,2010.0,65699.0,45492,8768.0,24625.0,6996.0,371.0,1532.0,0.0,0.0,3200.0,Borough,England,0.5413039655324013
438,439.0,Oldham East & Saddleworth,North West,2010.0,72557.0,44520,14186.0,11773.0,14083.0,0.0,1720.0,0.0,0.0,2758.0,County,England,0.31864330637915544
439,440.0,Oldham West & Royton,North West,2010.0,72359.0,42910,19503.0,10151.0,8193.0,0.0,1387.0,0.0,0.0,3676.0,Borough,England,0.4545094383593568
440,441.0,Orkney & Shetland,Scotland,2010.0,33085.0,19346,2061.0,2032.0,11989.0,0.0,1222.0,2042.0,0.0,0.0,County,Scotland,0.6197146696991627
441,442.0,Orpington,London,2010.0,67732.0,48911,4400.0,29200.0,12000.0,511.0,1360.0,0.0,0.0,1440.0,Borough,England,0.5970027192247143
442,443.0,Oxford East,South East,2010.0,81903.0,51651,21938.0,9727.0,17357.0,1238.0,1202.0,0.0,0.0,189.0,Borough,England,0.4247352422992777
443,444.0,Oxford West & Abingdon,South East,2010.0,86458.0,56480,5999.0,23906.0,23730.0,1184.0,1518.0,0.0,0.0,143.0,County,England,0.4232648725212465
444,445.0,Paisley & Renfrewshire North,Scotland,2010.0,63704.0,43707,23613.0,6381.0,4597.0,0.0,0.0,8333.0,0.0,783.0,County,Scotland,0.5402567094515752
445,446.0,Paisley & Renfrewshire South,Scotland,2010.0,61197.0,39998,23842.0,3979.0,3812.0,0.0,0.0,7228.0,0.0,1137.0,County,Scotland,0.5960798039901996
446,447.0,Pendle,North West,2010.0,66422.0,45045,13927.0,17512.0,9095.0,0.0,1476.0,0.0,0.0,3035.0,Borough,England,0.3887667887667888
447,448.0,Penistone & Stocksbridge,Yorkshire and the Humber,2010.0,68480.0,46516,17565.0,14516.0,9800.0,0.0,1936.0,0.0,0.0,2699.0,County,England,0.3776120044715797
448,449.0,Penrith & The Border,North West,2010.0,64484.0,45087,5834.0,24071.0,12830.0,0.0,1259.0,0.0,0.0,1093.0,County,England,0.5338789451504868
449,450.0,Perth & North Perthshire,Scotland,2010.0,72141.0,48268,7923.0,14739.0,5954.0,0.0,0.0,19118.0,0.0,534.0,County,Scotland,0.3960802187784868
450,451.0,Peterborough,Eastern,2010.0,70278.0,44927,13272.0,18133.0,8816.0,523.0,3007.0,0.0,0.0,1176.0,Borough,England,0.40361030115520735
451,452.0,Plymouth Moor View,South West,2010.0,68062.0,41526,15433.0,13845.0,7016.0,398.0,3188.0,0.0,0.0,1646.0,Borough,England,0.3716466791889417
452,453.0,Plymouth Sutton & Devonport,South West,2010.0,72938.0,43894,13901.0,15050.0,10829.0,904.0,2854.0,0.0,0.0,356.0,Borough,England,0.3428714630701235
453,454.0,Pontypridd,Wales,2010.0,58205.0,36671,14220.0,5932.0,11435.0,361.0,1229.0,0.0,2673.0,821.0,County,Wales,0.3877723541763246
454,455.0,Poole,South West,2010.0,72641.0,47436,6041.0,22532.0,14991.0,0.0,2507.0,0.0,0.0,1365.0,Borough,England,0.47499789189645
455,456.0,Poplar & Limehouse,London,2010.0,74955.0,46700,18679.0,12649.0,5209.0,449.0,565.0,0.0,0.0,9149.0,Borough,England,0.3999785867237688
456,457.0,Portsmouth North,South East,2010.0,70329.0,44118,12244.0,19533.0,8874.0,461.0,1812.0,0.0,0.0,1194.0,Borough,England,0.4427444580443357
457,458.0,Portsmouth South,South East,2010.0,70242.0,41264,5640.0,13721.0,18921.0,716.0,876.0,0.0,0.0,1390.0,Borough,England,0.4585352849941838
458,459.0,Preseli Pembrokeshire,Wales,2010.0,57400.0,39602,12339.0,16944.0,5759.0,0.0,906.0,0.0,3654.0,0.0,County,Wales,0.4278571789303571
459,460.0,Preston,North West,2010.0,61187.0,32505,15668.0,7060.0,7935.0,0.0,1462.0,0.0,0.0,380.0,Borough,England,0.4820181510536841
460,461.0,Pudsey,Yorkshire and the Humber,2010.0,69257.0,49083,17215.0,18874.0,10224.0,0.0,1221.0,0.0,0.0,1549.0,Borough,England,0.3845323228001548
461,462.0,Putney,London,2010.0,63371.0,40785,11170.0,21223.0,6907.0,591.0,435.0,0.0,0.0,459.0,Borough,England,0.5203628785092559
462,463.0,Rayleigh & Wickford,Eastern,2010.0,75661.0,52343,7577.0,30257.0,7919.0,0.0,2211.0,0.0,0.0,4379.0,County,England,0.5780524616472117
463,464.0,Reading East,South East,2010.0,74929.0,49985,12729.0,21269.0,13664.0,1069.0,1086.0,0.0,0.0,168.0,Borough,England,0.4255076522956887
464,465.0,Reading West,South East,2010.0,72120.0,47530,14519.0,20523.0,9546.0,582.0,1508.0,0.0,0.0,852.0,County,England,0.4317904481380181
465,466.0,Redcar,North East,2010.0,67127.0,41963,13741.0,5790.0,18955.0,0.0,1875.0,0.0,0.0,1602.0,Borough,England,0.4517074565688821
466,467.0,Redditch,West Midlands,2010.0,66573.0,44018,13317.0,19138.0,7750.0,393.0,1497.0,0.0,0.0,1923.0,County,England,0.4347766822663456
467,468.0,Reigate,South East,2010.0,71604.0,49978,5672.0,26688.0,13097.0,1087.0,2089.0,0.0,0.0,1345.0,Borough,England,0.5339949577814238
468,469.0,Renfrewshire East,Scotland,2010.0,66249.0,51181,25987.0,15567.0,4720.0,0.0,372.0,4535.0,0.0,0.0,County,Scotland,0.507747015494031
469,470.0,Rhondda,Wales,2010.0,51554.0,31072,17183.0,1993.0,3309.0,0.0,358.0,0.0,5630.0,2599.0,County,Wales,0.553005921730175
470,471.0,Ribble Valley,North West,2010.0,77789.0,52287,11529.0,26298.0,10732.0,0.0,3496.0,0.0,0.0,232.0,County,England,0.5029548453726548
471,472.0,Richmond (Yorks),Yorkshire and the Humber,2010.0,80563.0,53412,8150.0,33541.0,10205.0,1516.0,0.0,0.0,0.0,0.0,County,England,0.6279674979405377
472,473.0,Richmond Park,London,2010.0,77751.0,59268,2979.0,29461.0,25370.0,572.0,669.0,0.0,0.0,217.0,Borough,England,0.4970810555443072
473,474.0,Rochdale,North West,2010.0,78952.0,45907,16699.0,8305.0,15810.0,0.0,1999.0,0.0,0.0,3094.0,County,England,0.3637571612172436
474,475.0,Rochester & Strood,South East,2010.0,73758.0,47971,13651.0,23604.0,7800.0,734.0,0.0,0.0,0.0,2182.0,County,England,0.4920472785641325
475,476.0,Rochford & Southend East,Eastern,2010.0,71467.0,41631,8459.0,19509.0,8084.0,707.0,2405.0,0.0,0.0,2467.0,County,England,0.468617136268646
476,477.0,Romford,London,2010.0,71306.0,46481,9077.0,26031.0,5572.0,447.0,2050.0,0.0,0.0,3304.0,Borough,England,0.5600352832340096
477,478.0,Romsey & Southampton North,South East,2010.0,68157.0,48939,3116.0,24345.0,20189.0,0.0,1289.0,0.0,0.0,0.0,County,England,0.4974560166738185
478,479.0,"Ross, Skye & Lochaber",Scotland,2010.0,51836.0,34838,5265.0,4260.0,18335.0,777.0,659.0,5263.0,0.0,279.0,County,Scotland,0.5262931281933521
479,480.0,Rossendale & Darwen,North West,2010.0,73229.0,47128,15198.0,19691.0,8541.0,0.0,1617.0,0.0,0.0,2081.0,Borough,England,0.41781955525377695
480,481.0,Rother Valley,Yorkshire and the Humber,2010.0,72847.0,46758,19147.0,13281.0,8111.0,0.0,2613.0,0.0,0.0,3606.0,County,England,0.4094914239274561
481,482.0,Rotherham,Yorkshire and the Humber,2010.0,63563.0,37506,16741.0,6279.0,5994.0,0.0,2220.0,0.0,0.0,6272.0,Borough,England,0.4463552498266944
482,483.0,Rugby,West Midlands,2010.0,68914.0,47468,14901.0,20901.0,9434.0,451.0,406.0,0.0,0.0,1375.0,County,England,0.4403176877054015
483,484.0,"Ruislip, Northwood & Pinner",London,2010.0,70873.0,50205,9806.0,28866.0,8345.0,740.0,1351.0,0.0,0.0,1097.0,Borough,England,0.574962653122199
484,485.0,Runnymede & Weybridge,South East,2010.0,72566.0,48150,6446.0,26915.0,10406.0,696.0,3146.0,0.0,0.0,541.0,County,England,0.5589823468328141
485,486.0,Rushcliffe,East Midlands,2010.0,72955.0,53687,11128.0,27470.0,11659.0,1251.0,2179.0,0.0,0.0,0.0,County,England,0.5116694916832752
486,487.0,Rutherglen & Hamilton West,Scotland,2010.0,76408.0,46981,28566.0,4540.0,5636.0,0.0,675.0,7564.0,0.0,0.0,Burgh,Scotland,0.6080330346310211
487,488.0,Rutland & Melton,East Midlands,2010.0,77185.0,55220,7893.0,28228.0,14228.0,0.0,2526.0,0.0,0.0,2345.0,County,England,0.5111915972473742
488,489.0,Saffron Walden,Eastern,2010.0,76035.0,54369,5288.0,30155.0,14913.0,735.0,2228.0,0.0,0.0,1050.0,County,England,0.5546359138479648
489,490.0,St Albans,Eastern,2010.0,70058.0,52835,9288.0,21533.0,19228.0,758.0,2028.0,0.0,0.0,0.0,County,England,0.4075518122456705
490,491.0,St Austell & Newquay,South West,2010.0,75284.0,47238,3386.0,18877.0,20189.0,0.0,1757.0,0.0,0.0,3029.0,County,England,0.4273889665100131
491,492.0,St Helens North,North West,2010.0,74985.0,44556,23041.0,9940.0,8992.0,0.0,2100.0,0.0,0.0,483.0,Borough,England,0.5171245174611725
492,493.0,St Helens South & Whiston,North West,2010.0,77975.0,46081,24364.0,8209.0,10242.0,0.0,1226.0,0.0,0.0,2040.0,Borough,England,0.5287211649052755
493,494.0,St Ives,South West,2010.0,66944.0,45921,3751.0,17900.0,19619.0,1308.0,2560.0,0.0,0.0,783.0,County,England,0.4272337274885129
494,495.0,Salford & Eccles,North West,2010.0,75483.0,41533,16655.0,8497.0,10930.0,0.0,1084.0,0.0,0.0,4367.0,Borough,England,0.40100642862302266
495,496.0,Salisbury,South West,2010.0,67430.0,48481,3690.0,23859.0,17893.0,506.0,1392.0,0.0,0.0,1141.0,County,England,0.4921309378931953
496,497.0,Scarborough & Whitby,Yorkshire and the Humber,2010.0,75470.0,49282,12978.0,21108.0,11093.0,734.0,1484.0,0.0,0.0,1885.0,County,England,0.4283105393449941
497,498.0,Scunthorpe,Yorkshire and the Humber,2010.0,63089.0,37034,14640.0,12091.0,6774.0,396.0,1686.0,0.0,0.0,1447.0,County,England,0.3953124156180807
498,499.0,Sedgefield,North East,2010.0,64728.0,40222,18141.0,9445.0,8033.0,0.0,1479.0,0.0,0.0,3124.0,County,England,0.4510218288498831
499,500.0,Sefton Central,North West,2010.0,67511.0,48463,20307.0,16445.0,9656.0,0.0,2055.0,0.0,0.0,0.0,County,England,0.4190206962012257
500,501.0,Selby & Ainsty,Yorkshire and the Humber,2010.0,72804.0,51728,13297.0,25562.0,9180.0,0.0,1635.0,0.0,0.0,2054.0,County,England,0.4941617692545624
501,502.0,Sevenoaks,South East,2010.0,69591.0,49408,6541.0,28076.0,10561.0,0.0,1782.0,0.0,0.0,2448.0,County,England,0.5682480569948186
502,503.0,Sheffield Brightside & Hillsborough,Yorkshire and the Humber,2010.0,67740.0,38914,21400.0,4468.0,7768.0,0.0,1596.0,0.0,0.0,3682.0,Borough,England,0.5499306162306625
503,504.0,Sheffield Central,Yorkshire and the Humber,2010.0,67554.0,41468,17138.0,4206.0,16973.0,1556.0,652.0,0.0,0.0,943.0,Borough,England,0.4132825311083245
504,505.0,Sheffield Hallam,Yorkshire and the Humber,2010.0,68798.0,51135,8228.0,12040.0,27324.0,919.0,1195.0,0.0,0.0,1429.0,County,England,0.5343502493399824
505,506.0,Sheffield Heeley,Yorkshire and the Humber,2010.0,65571.0,40871,17409.0,7081.0,11602.0,989.0,1530.0,0.0,0.0,2260.0,Borough,England,0.4259499400552959
506,507.0,Sheffield South East,Yorkshire and the Humber,2010.0,67068.0,41408,20169.0,7202.0,9664.0,0.0,1889.0,0.0,0.0,2484.0,Borough,England,0.4870797913446677
507,508.0,Sherwood,East Midlands,2010.0,71443.0,48954,18997.0,19211.0,7283.0,0.0,1490.0,0.0,0.0,1973.0,County,England,0.3924296278138661
508,509.0,Shipley,Yorkshire and the Humber,2010.0,67689.0,49427,14058.0,24002.0,9890.0,1477.0,0.0,0.0,0.0,0.0,County,England,0.4856050336860421
509,510.0,Shrewsbury & Atcham,West Midlands,2010.0,75446.0,53045,10915.0,23313.0,15369.0,565.0,1627.0,0.0,0.0,1256.0,County,England,0.4394947685927043
510,511.0,Shropshire North,West Midlands,2010.0,78930.0,51869,9406.0,26692.0,10864.0,808.0,2432.0,0.0,0.0,1667.0,County,England,0.5146040987873296
511,512.0,Sittingbourne & Sheppey,South East,2010.0,75855.0,48578,11930.0,24313.0,7943.0,0.0,2610.0,0.0,0.0,1782.0,County,England,0.5004940508048911
512,513.0,Skipton & Ripon,Yorkshire and the Humber,2010.0,77381.0,54724,5498.0,27685.0,17735.0,0.0,1909.0,0.0,0.0,1897.0,County,England,0.5059023463197134
513,514.0,Sleaford & North Hykeham,East Midlands,2010.0,84806.0,59530,10051.0,30719.0,10814.0,0.0,2163.0,0.0,0.0,5783.0,County,England,0.5160255333445322
514,515.0,Slough,South East,2010.0,77473.0,47742,21884.0,16361.0,6943.0,542.0,1517.0,0.0,0.0,495.0,Borough,England,0.4583804616480248
515,516.0,Solihull,West Midlands,2010.0,76288.0,55129,4891.0,23460.0,23635.0,0.0,1200.0,0.0,0.0,1943.0,Borough,England,0.42872172540768017
516,517.0,Somerset North,South West,2010.0,77306.0,57941,6448.0,28549.0,20687.0,0.0,2257.0,0.0,0.0,0.0,County,England,0.4927253585543915
517,518.0,Somerset North East,South West,2010.0,67881.0,51203,16216.0,21130.0,11433.0,670.0,1754.0,0.0,0.0,0.0,County,England,0.4126711325508271
518,519.0,Somerton & Frome,South West,2010.0,81548.0,60612,2675.0,26976.0,28793.0,0.0,1932.0,0.0,0.0,236.0,County,England,0.4750379462812645
519,520.0,South Holland & The Deepings,East Midlands,2010.0,76243.0,50188,7024.0,29639.0,7759.0,724.0,3246.0,0.0,0.0,1796.0,County,England,0.5905594962939348
520,521.0,South Ribble,North West,2010.0,75822.0,51458,17842.0,23396.0,7271.0,0.0,1895.0,0.0,0.0,1054.0,County,England,0.4546620544910413
521,522.0,South Shields,North East,2010.0,64084.0,36518,18995.0,7886.0,5189.0,762.0,0.0,0.0,0.0,3686.0,Borough,England,0.5201544443835917
522,523.0,Southampton Itchen,South East,2010.0,74532.0,44412,16326.0,16134.0,9256.0,600.0,1928.0,0.0,0.0,168.0,Borough,England,0.3676033504458254
523,524.0,Southampton Test,South East,2010.0,71931.0,44187,17001.0,14588.0,9865.0,881.0,1726.0,0.0,0.0,126.0,Borough,England,0.3847511711589381
524,525.0,Southend West,Eastern,2010.0,66918.0,43606,5850.0,20086.0,12816.0,644.0,1714.0,0.0,0.0,2496.0,Borough,England,0.4606246846764207
525,526.0,Southport,North West,2010.0,67200.0,43757,4116.0,15683.0,21707.0,0.0,2251.0,0.0,0.0,0.0,Borough,England,0.4960806270996641
526,527.0,Spelthorne,South East,2010.0,70479.0,47304,7789.0,22261.0,12242.0,0.0,4009.0,0.0,0.0,1003.0,Borough,England,0.470594452900389
527,528.0,Stafford,West Midlands,2010.0,70667.0,50239,16587.0,22047.0,8211.0,564.0,1727.0,0.0,0.0,1103.0,County,England,0.4388423336451761
528,529.0,Staffordshire Moorlands,West Midlands,2010.0,62137.0,43815,13104.0,19793.0,7338.0,0.0,3580.0,0.0,0.0,0.0,County,England,0.4517402715964852
529,530.0,Staffordshire South,West Midlands,2010.0,73849.0,50440,10244.0,26834.0,8427.0,0.0,2753.0,0.0,0.0,2182.0,County,England,0.5319984139571768
530,531.0,Stalybridge & Hyde,North West,2010.0,69081.0,40879,16189.0,13445.0,6965.0,679.0,1342.0,0.0,0.0,2259.0,County,England,0.3960224075931407
531,532.0,Stevenage,Eastern,2010.0,68937.0,44651,14913.0,18491.0,7432.0,0.0,2004.0,0.0,0.0,1811.0,County,England,0.4141228639896083
532,533.0,Stirling,Scotland,2010.0,66080.0,46841,19558.0,11254.0,6797.0,746.0,395.0,8091.0,0.0,0.0,County,Scotland,0.41754018915053054
533,534.0,Stockport,North West,2010.0,62879.0,39128,16697.0,9913.0,9778.0,677.0,862.0,0.0,0.0,1201.0,Borough,England,0.4267276630545901
534,535.0,Stockton North,North East,2010.0,66752.0,39498,16923.0,10247.0,6342.0,0.0,1556.0,0.0,0.0,4430.0,Borough,England,0.42845207352271003
535,536.0,Stockton South,North East,2010.0,73840.0,50284,19245.0,19577.0,7600.0,0.0,1471.0,0.0,0.0,2391.0,Borough,England,0.3893286134754594
536,537.0,Stoke-on-Trent Central,West Midlands,2010.0,61003.0,32470,12605.0,6833.0,7039.0,0.0,1402.0,0.0,0.0,4591.0,Borough,England,0.3882044964582692
537,538.0,Stoke-on-Trent North,West Midlands,2010.0,72054.0,40196,17815.0,9580.0,7120.0,0.0,2485.0,0.0,0.0,3196.0,Borough,England,0.4432033038113245
538,539.0,Stoke-on-Trent South,West Midlands,2010.0,68032.0,39852,15446.0,11316.0,6323.0,0.0,1363.0,0.0,0.0,5404.0,Borough,England,0.38758406102579546
539,540.0,Stone,West Midlands,2010.0,67062.0,47229,9770.0,23890.0,10598.0,490.0,2481.0,0.0,0.0,0.0,County,England,0.5058332803997544
540,541.0,Stourbridge,West Midlands,2010.0,69637.0,47234,14989.0,20153.0,7733.0,394.0,2103.0,0.0,0.0,1862.0,Borough,England,0.42666299699369103
541,542.0,Strangford,Northern Ireland,2010.0,60539.0,32505,0.0,0.0,0.0,562.0,0.0,0.0,0.0,31943.0,County,Northern Ireland,0.9827103522534996
542,543.0,Stratford-on-Avon,West Midlands,2010.0,69517.0,50542,4809.0,26052.0,14706.0,527.0,1846.0,0.0,0.0,2602.0,County,England,0.5154524949546911
543,544.0,Streatham,London,2010.0,74532.0,46837,20037.0,8578.0,16778.0,861.0,0.0,0.0,0.0,583.0,Borough,England,0.4278028054743045
544,545.0,Stretford & Urmston,North West,2010.0,70991.0,44910,21821.0,12886.0,7601.0,916.0,1508.0,0.0,0.0,178.0,Borough,England,0.4858828768648408
545,546.0,Stroud,South West,2010.0,78286.0,57973,22380.0,23679.0,8955.0,1542.0,1301.0,0.0,0.0,116.0,County,England,0.4084487606299485
546,547.0,Suffolk Central & Ipswich North,Eastern,2010.0,75786.0,53420,8636.0,27125.0,13339.0,1452.0,2361.0,0.0,0.0,507.0,County,England,0.5077686259827779
547,548.0,Suffolk Coastal,Eastern,2010.0,76572.0,54893,8812.0,25475.0,16347.0,1103.0,3156.0,0.0,0.0,0.0,County,England,0.46408467381997703
548,549.0,Suffolk South,Eastern,2010.0,72498.0,51416,7368.0,24550.0,15861.0,0.0,3637.0,0.0,0.0,0.0,County,England,0.47747782791349
549,550.0,Suffolk West,Eastern,2010.0,74374.0,48089,7089.0,24312.0,11262.0,0.0,3085.0,0.0,0.0,2341.0,County,England,0.5055626026742083
550,551.0,Sunderland Central,North East,2010.0,74485.0,42463,19495.0,12770.0,7191.0,0.0,1094.0,0.0,0.0,1913.0,Borough,England,0.4591055742646539
551,552.0,Surrey East,South East,2010.0,76855.0,54640,4925.0,31007.0,14133.0,0.0,3770.0,0.0,0.0,805.0,County,England,0.56747803806735
552,553.0,Surrey Heath,South East,2010.0,78107.0,54347,5552.0,31326.0,14037.0,0.0,3432.0,0.0,0.0,0.0,County,England,0.5764071613888531
553,554.0,Surrey South West,South East,2010.0,76501.0,57259,3419.0,33605.0,17287.0,690.0,1486.0,0.0,0.0,772.0,County,England,0.5868946366510068
554,555.0,Sussex Mid,South East,2010.0,77199.0,55855,3689.0,28329.0,20927.0,645.0,1423.0,0.0,0.0,842.0,County,England,0.5071882553039119
555,556.0,Sutton & Cheam,London,2010.0,66658.0,48508,3376.0,20548.0,22156.0,246.0,950.0,0.0,0.0,1232.0,Borough,England,0.4567494021604684
556,557.0,Sutton Coldfield,West Midlands,2010.0,74489.0,50589,10298.0,27303.0,9117.0,535.0,1587.0,0.0,0.0,1749.0,Borough,England,0.5397023068255945
557,558.0,Swansea East,Wales,2010.0,59823.0,32676,16819.0,4823.0,5981.0,318.0,839.0,0.0,2181.0,1715.0,Borough,Wales,0.5147202840004896
558,559.0,Swansea West,Wales,2010.0,61334.0,35593,12335.0,7407.0,11831.0,404.0,716.0,0.0,1437.0,1463.0,Borough,Wales,0.3465569072570449
559,560.0,Swindon North,South West,2010.0,78384.0,50295,15348.0,22408.0,8668.0,487.0,1842.0,0.0,0.0,1542.0,County,England,0.4455313649468138
560,561.0,Swindon South,South West,2010.0,72619.0,47119,16143.0,19687.0,8305.0,619.0,2029.0,0.0,0.0,336.0,County,England,0.4178144697468113
561,562.0,Tamworth,West Midlands,2010.0,71962.0,46390,15148.0,21238.0,7516.0,0.0,2253.0,0.0,0.0,235.0,County,England,0.457814184091399
562,563.0,Tatton,North West,2010.0,66746.0,45231,7803.0,24687.0,10200.0,0.0,0.0,0.0,0.0,2541.0,County,England,0.5457982357232871
563,564.0,Taunton Deane,South West,2010.0,82507.0,58150,2967.0,24538.0,28531.0,0.0,2114.0,0.0,0.0,0.0,County,England,0.4906448839208942
564,565.0,Telford,West Midlands,2010.0,65061.0,41310,15974.0,14996.0,6399.0,0.0,2428.0,0.0,0.0,1513.0,Borough,England,0.3866860324376664
565,566.0,Tewkesbury,South West,2010.0,76655.0,53961,6253.0,25472.0,19162.0,525.0,2230.0,0.0,0.0,319.0,County,England,0.4720446248216305
566,567.0,Thanet North,South East,2010.0,68602.0,43343,9298.0,22826.0,8400.0,0.0,2819.0,0.0,0.0,0.0,County,England,0.5266363657337978
567,568.0,Thanet South,South East,2010.0,70045.0,45933,14426.0,22043.0,6935.0,0.0,2529.0,0.0,0.0,0.0,County,England,0.4798946291337383
568,569.0,Thirsk & Malton,Yorkshire and the Humber,2010.0,76416.0,38142,5169.0,20167.0,8886.0,0.0,2502.0,0.0,0.0,1418.0,County,England,0.5287347281212312
569,570.0,Thornbury & Yate,South West,2010.0,64092.0,48226,3385.0,17916.0,25032.0,0.0,1709.0,0.0,0.0,184.0,County,England,0.5190561108115954
570,571.0,Thurrock,Eastern,2010.0,77758.0,45821,16777.0,16869.0,4901.0,0.0,3390.0,0.0,0.0,3884.0,Borough,England,0.36814997490233736
571,572.0,Tiverton & Honiton,South West,2010.0,76808.0,54894,4907.0,27614.0,18294.0,802.0,3277.0,0.0,0.0,0.0,County,England,0.5030422268371771
572,573.0,Tonbridge & Malling,South East,2010.0,71790.0,51314,6476.0,29723.0,11545.0,764.0,1911.0,0.0,0.0,895.0,County,England,0.5792376349534241
573,574.0,Tooting,London,2010.0,73840.0,50655,22038.0,19514.0,7509.0,609.0,624.0,0.0,0.0,361.0,Borough,England,0.4350607047675452
574,575.0,Torbay,South West,2010.0,76244.0,49210,3231.0,19048.0,23126.0,468.0,2628.0,0.0,0.0,709.0,Borough,England,0.4699451331030278
575,576.0,Torfaen,Wales,2010.0,61183.0,37640,16847.0,7541.0,6264.0,438.0,862.0,0.0,2005.0,3683.0,County,Wales,0.44758235919234857
576,577.0,Totnes,South West,2010.0,67962.0,47843,3538.0,21940.0,17013.0,1181.0,2890.0,0.0,0.0,1281.0,County,England,0.4585832828208933
577,578.0,Tottenham,London,2010.0,68834.0,40687,24128.0,6064.0,7197.0,980.0,466.0,0.0,0.0,1852.0,Borough,England,0.5930149679258732
578,579.0,Truro & Falmouth,South West,2010.0,70598.0,48768,4697.0,20349.0,19914.0,858.0,1911.0,0.0,0.0,1039.0,County,England,0.4172613188976378
579,580.0,Tunbridge Wells,South East,2010.0,73855.0,50320,5448.0,28302.0,12726.0,914.0,2054.0,0.0,0.0,876.0,County,England,0.5624403815580287
580,581.0,Twickenham,London,2010.0,80569.0,59721,4583.0,20343.0,32483.0,674.0,868.0,0.0,0.0,770.0,Borough,England,0.5439125265819393
581,582.0,Tynemouth,North East,2010.0,75680.0,52668,23860.0,18121.0,7845.0,538.0,900.0,0.0,0.0,1404.0,Borough,England,0.4530265056580846
582,583.0,Tyneside North,North East,2010.0,77690.0,46405,23505.0,8514.0,10621.0,0.0,1306.0,0.0,0.0,2459.0,Borough,England,0.5065186941062385
583,584.0,Tyrone West,Northern Ireland,2010.0,61148.0,37275,0.0,0.0,0.0,0.0,0.0,0.0,0.0,37275.0,County,Northern Ireland,1.0
584,585.0,Ulster Mid,Northern Ireland,2010.0,64594.0,40842,0.0,0.0,0.0,0.0,0.0,0.0,0.0,40842.0,County,Northern Ireland,1.0
585,586.0,Upper Bann,Northern Ireland,2010.0,74732.0,41383,0.0,0.0,0.0,0.0,0.0,0.0,0.0,41383.0,County,Northern Ireland,1.0
586,587.0,Uxbridge & Ruislip South,London,2010.0,71160.0,45076,10542.0,21758.0,8995.0,477.0,1234.0,0.0,0.0,2070.0,Borough,England,0.4826958913834413
587,588.0,Vale of Clwyd,Wales,2010.0,55781.0,35534,15017.0,12508.0,4472.0,0.0,515.0,0.0,2068.0,954.0,County,Wales,0.4226093319074689
588,589.0,Vale of Glamorgan,Wales,2010.0,70211.0,48667,16034.0,20341.0,7403.0,457.0,1529.0,0.0,2667.0,236.0,County,Wales,0.4179628906651324
589,590.0,Vauxhall,London,2010.0,74811.0,43191,21498.0,9301.0,10847.0,708.0,0.0,0.0,0.0,837.0,Borough,England,0.4977425852608182
590,591.0,Wakefield,Yorkshire and the Humber,2010.0,70812.0,44444,17454.0,15841.0,7256.0,873.0,0.0,0.0,0.0,3020.0,County,England,0.3927189271892719
591,592.0,Wallasey,North West,2010.0,65915.0,41654,21578.0,13071.0,5693.0,0.0,1205.0,0.0,0.0,107.0,Borough,England,0.5180294809622125
592,593.0,Walsall North,West Midlands,2010.0,64034.0,36187,13385.0,12395.0,4754.0,0.0,1737.0,0.0,0.0,3916.0,Borough,England,0.3698842125625225
593,594.0,Walsall South,West Midlands,2010.0,64387.0,40882,16211.0,14456.0,5880.0,0.0,3449.0,0.0,0.0,886.0,Borough,England,0.3965314808473167
594,595.0,Walthamstow,London,2010.0,64625.0,40994,21252.0,5734.0,11774.0,767.0,823.0,0.0,0.0,644.0,Borough,England,0.518417329365273
595,596.0,Wansbeck,North East,2010.0,61782.0,38273,17548.0,6714.0,10517.0,601.0,974.0,0.0,0.0,1919.0,County,England,0.458495545162386
596,597.0,Wantage,South East,2010.0,80456.0,56341,7855.0,29284.0,15737.0,1044.0,2421.0,0.0,0.0,0.0,County,England,0.5197635824710246
597,598.0,Warley,West Midlands,2010.0,62751.0,38270,20240.0,9484.0,5929.0,0.0,2617.0,0.0,0.0,0.0,Borough,England,0.5288737914815783
598,599.0,Warrington North,North West,2010.0,70473.0,44211,20135.0,13364.0,9196.0,0.0,0.0,0.0,0.0,1516.0,Borough,England,0.45542964420619303
599,600.0,Warrington South,North West,2010.0,79182.0,54874,18088.0,19641.0,15094.0,427.0,1624.0,0.0,0.0,0.0,Borough,England,0.35792907387833944
600,601.0,Warwick & Leamington,West Midlands,2010.0,67800.0,49032,17363.0,20876.0,8977.0,693.0,926.0,0.0,0.0,197.0,Borough,England,0.4257627671724588
601,602.0,Warwickshire North,West Midlands,2010.0,70138.0,47265,18939.0,18993.0,5481.0,0.0,1335.0,0.0,0.0,2517.0,County,England,0.4018406854966677
602,603.0,Washington & Sunderland West,North East,2010.0,68910.0,37334,19615.0,8157.0,6382.0,0.0,1267.0,0.0,0.0,1913.0,Borough,England,0.5253924037070766
603,604.0,Watford,Eastern,2010.0,80798.0,55208,14750.0,19291.0,17866.0,885.0,1199.0,0.0,0.0,1217.0,Borough,England,0.34942399652224315
604,605.0,Waveney,Eastern,2010.0,78532.0,51141,19802.0,20571.0,6811.0,1167.0,2684.0,0.0,0.0,106.0,County,England,0.4022408634950431
605,606.0,Wealden,South East,2010.0,76537.0,54969,5266.0,31090.0,13911.0,1383.0,3319.0,0.0,0.0,0.0,County,England,0.5655915152176682
606,607.0,Weaver Vale,North West,2010.0,67269.0,43990,15962.0,16953.0,8196.0,338.0,1018.0,0.0,0.0,1523.0,County,England,0.3853830416003637
607,608.0,Wellingborough,East Midlands,2010.0,76846.0,51661,13131.0,24918.0,8848.0,480.0,1636.0,0.0,0.0,2648.0,County,England,0.4823367724202009
608,609.0,Wells,South West,2010.0,79432.0,55864,4198.0,23760.0,24560.0,631.0,1711.0,0.0,0.0,1004.0,County,England,0.4396391235858513
609,610.0,Welwyn Hatfield,Eastern,2010.0,72058.0,48972,10471.0,27894.0,8010.0,796.0,1643.0,0.0,0.0,158.0,County,England,0.5695907865719186
610,611.0,Wentworth & Dearne,Yorkshire and the Humber,2010.0,72586.0,42106,21316.0,7396.0,6787.0,0.0,3418.0,0.0,0.0,3189.0,County,England,0.5062461406925379
611,612.0,West Bromwich East,West Midlands,2010.0,62668.0,37950,17657.0,10961.0,4993.0,0.0,984.0,0.0,0.0,3355.0,Borough,England,0.465270092226614
612,613.0,West Bromwich West,West Midlands,2010.0,64859.0,36171,16263.0,10612.0,4336.0,0.0,1566.0,0.0,0.0,3394.0,Borough,England,0.44961433192336403
613,614.0,West Ham,London,2010.0,85313.0,46951,29422.0,6888.0,5392.0,645.0,766.0,0.0,0.0,3838.0,Borough,England,0.6266533194181167
614,615.0,Westminster North,London,2010.0,66739.0,39598,17377.0,15251.0,5513.0,478.0,315.0,0.0,0.0,664.0,Borough,England,0.4388352947118541
615,616.0,Westmorland & Lonsdale,North West,2010.0,66988.0,51487,1158.0,18632.0,30896.0,0.0,801.0,0.0,0.0,0.0,County,England,0.600073805038165
616,617.0,Weston-Super-Mare,South West,2010.0,78487.0,52716,5772.0,23356.0,20665.0,0.0,1406.0,0.0,0.0,1517.0,County,England,0.4430533424387283
617,618.0,Wigan,North West,2010.0,75407.0,44140,21404.0,10917.0,6797.0,0.0,2516.0,0.0,0.0,2506.0,County,England,0.4849116447666516
618,619.0,Wiltshire North,South West,2010.0,66315.0,48699,3239.0,25114.0,17631.0,599.0,1908.0,0.0,0.0,208.0,County,England,0.5156984743013203
619,620.0,Wiltshire South West,South West,2010.0,71647.0,49018,5613.0,25321.0,14954.0,0.0,2684.0,0.0,0.0,446.0,County,England,0.5165653433432617
620,621.0,Wimbledon,London,2010.0,65723.0,47395,10550.0,23257.0,11849.0,590.0,914.0,0.0,0.0,235.0,Borough,England,0.4907057706509125
621,622.0,Winchester,South East,2010.0,73805.0,55955,3051.0,27155.0,24107.0,0.0,1139.0,0.0,0.0,503.0,County,England,0.4853006880528997
622,623.0,Windsor,South East,2010.0,69511.0,49588,4910.0,30172.0,11118.0,628.0,1612.0,0.0,0.0,1148.0,County,England,0.6084536581430992
623,624.0,Wirral South,North West,2010.0,56099.0,39906,16276.0,15745.0,6611.0,0.0,1274.0,0.0,0.0,0.0,County,England,0.4078584673983862
624,625.0,Wirral West,North West,2010.0,55050.0,39372,14290.0,16726.0,6630.0,0.0,899.0,0.0,0.0,827.0,County,England,0.4248196688001625
625,626.0,Witham,Eastern,2010.0,66969.0,46835,8656.0,24448.0,9252.0,1419.0,3060.0,0.0,0.0,0.0,County,England,0.5220027757019323
626,627.0,Witney,South East,2010.0,78766.0,57769,7511.0,33973.0,11233.0,2385.0,2001.0,0.0,0.0,666.0,County,England,0.5880835742353165
627,628.0,Woking,South East,2010.0,73837.0,52786,4246.0,26551.0,19744.0,0.0,1997.0,0.0,0.0,248.0,County,England,0.5029932178986852
628,629.0,Wokingham,South East,2010.0,76386.0,54528,5516.0,28754.0,15262.0,567.0,1664.0,0.0,0.0,2765.0,County,England,0.5273254107981221
629,630.0,Wolverhampton North East,West Midlands,2010.0,58931.0,34894,14448.0,11964.0,4711.0,0.0,1138.0,0.0,0.0,2633.0,Borough,England,0.4140539920903307
630,631.0,Wolverhampton South East,West Midlands,2010.0,59884.0,34707,16505.0,9912.0,5277.0,0.0,2675.0,0.0,0.0,338.0,Borough,England,0.4755524822082001
631,632.0,Wolverhampton South West,West Midlands,2010.0,58845.0,40160,15653.0,16344.0,6430.0,0.0,1487.0,0.0,0.0,246.0,Borough,England,0.4069721115537849
632,633.0,Worcester,West Midlands,2010.0,72835.0,48974,16376.0,19358.0,9525.0,735.0,1360.0,0.0,0.0,1620.0,Borough,England,0.3952709601012782
633,634.0,Worcestershire Mid,West Midlands,2010.0,72145.0,50931,7613.0,27770.0,11906.0,593.0,3049.0,0.0,0.0,0.0,County,England,0.5452474917044628
634,635.0,Worcestershire West,West Midlands,2010.0,72807.0,54093,3661.0,27213.0,20459.0,641.0,2119.0,0.0,0.0,0.0,County,England,0.5030780322777438
635,636.0,Workington,North West,2010.0,59607.0,39259,17865.0,13290.0,5318.0,0.0,876.0,0.0,0.0,1910.0,County,England,0.4550548918719274
636,637.0,Worsley & Eccles South,North West,2010.0,72473.0,41701,17892.0,13555.0,6883.0,0.0,2037.0,0.0,0.0,1334.0,County,England,0.4290544591256805
637,638.0,Worthing East & Shoreham,South East,2010.0,74001.0,48397,8087.0,23458.0,12353.0,1126.0,2984.0,0.0,0.0,389.0,County,England,0.4846994648428621
638,639.0,Worthing West,South East,2010.0,75945.0,49123,5800.0,25416.0,13687.0,996.0,2924.0,0.0,0.0,300.0,Borough,England,0.5173951102334955
639,640.0,"Wrekin, The",West Midlands,2010.0,65544.0,45968,12472.0,21922.0,8019.0,0.0,2050.0,0.0,0.0,1505.0,County,England,0.4768969718064741
640,641.0,Wrexham,Wales,2010.0,50872.0,32976,12161.0,8375.0,8503.0,0.0,774.0,0.0,2029.0,1134.0,County,Wales,0.3687833575934013
641,642.0,Wycombe,South East,2010.0,74175.0,48151,8326.0,23423.0,13863.0,0.0,2123.0,0.0,0.0,416.0,County,England,0.4864488795663641
642,643.0,Wyre & Preston North,North West,2010.0,70201.0,51308,10932.0,26877.0,11033.0,0.0,2466.0,0.0,0.0,0.0,County,England,0.5238364387619865
643,644.0,Wyre Forest,West Midlands,2010.0,76713.0,50899,7298.0,18793.0,6040.0,0.0,1498.0,0.0,0.0,17270.0,County,England,0.3692213992416354
644,645.0,Wythenshawe & Sale East,North West,2010.0,79923.0,40751,17987.0,10412.0,9107.0,0.0,1405.0,0.0,0.0,1840.0,Borough,England,0.44138794140021104
645,646.0,Yeovil,South West,2010.0,82314.0,57160,2991.0,18807.0,31843.0,0.0,2357.0,0.0,0.0,1162.0,County,England,0.5570853743876837
646,647.0,Ynys Mon,Wales,2010.0,50075.0,34444,11490.0,7744.0,2592.0,0.0,1201.0,0.0,9029.0,2388.0,County,Wales,0.33358494948321915
647,648.0,York Central,Yorkshire and the Humber,2010.0,76439.0,46483,18573.0,12122.0,11694.0,1669.0,1100.0,0.0,0.0,1325.0,Borough,England,0.3995654325237184
648,649.0,York Outer,Yorkshire and the Humber,2010.0,75939.0,53300,9108.0,22912.0,19224.0,0.0,1100.0,0.0,0.0,956.0,County,England,0.4298686679174484
649,650.0,Yorkshire East,Yorkshire and the Humber,2010.0,80105.0,51254,10401.0,24328.0,10842.0,762.0,2142.0,0.0,0.0,2779.0,County,England,0.4746556366332384
